{
    "counter": 0,
    "0": {
        "total_training_time": 3338.8040747642517,
        "total_epochs": 395,
        "total_prediction_time": 1.9804058074951172,
        "total_prediction_samples": 320,
        "max_l2_error": 0.24747337400913239,
        "min_l2_error": 0.0884883850812912,
        "mean_l2_error": 0.1331259161233902,
        "diamond_ar_1p25_total_prediction_time": 2.8463189601898193,
        "diamond_ar_1p25_total_prediction_samples": 400,
        "diamond_ar_1p25_max_l2_error": 0.7713929414749146,
        "diamond_ar_1p25_min_l2_error": 0.2970350682735443,
        "diamond_ar_1p25_mean_l2_error": 0.4360383152961731,
        "diamond_ar_1p5_total_prediction_time": 0.7554221153259277,
        "diamond_ar_1p5_total_prediction_samples": 400,
        "diamond_ar_1p5_max_l2_error": 1.238580346107483,
        "diamond_ar_1p5_min_l2_error": 0.565253734588623,
        "diamond_ar_1p5_mean_l2_error": 0.7161897420883179,
        "diamond_ar_1p66_total_prediction_time": 0.7289535999298096,
        "diamond_ar_1p66_total_prediction_samples": 400,
        "diamond_ar_1p66_max_l2_error": 1.3295170068740845,
        "diamond_ar_1p66_min_l2_error": 0.8105953931808472,
        "diamond_ar_1p66_mean_l2_error": 0.9477680325508118,
        "diamond_ar_2p0_total_prediction_time": 0.7627828121185303,
        "diamond_ar_2p0_total_prediction_samples": 400,
        "diamond_ar_2p0_max_l2_error": 1.1110857725143433,
        "diamond_ar_2p0_min_l2_error": 1.1109994649887085,
        "diamond_ar_2p0_mean_l2_error": 1.11104416847229,
        "triangle_ar_1p25_total_prediction_time": 0.762444257736206,
        "triangle_ar_1p25_total_prediction_samples": 400,
        "triangle_ar_1p25_max_l2_error": 1.2440924644470215,
        "triangle_ar_1p25_min_l2_error": 0.4455097019672394,
        "triangle_ar_1p25_mean_l2_error": 0.6308231353759766,
        "triangle_ar_1p5_total_prediction_time": 0.7660126686096191,
        "triangle_ar_1p5_total_prediction_samples": 400,
        "triangle_ar_1p5_max_l2_error": 1.3820558786392212,
        "triangle_ar_1p5_min_l2_error": 0.5768990516662598,
        "triangle_ar_1p5_mean_l2_error": 0.7698660492897034,
        "triangle_ar_1p66_total_prediction_time": 0.7111749649047852,
        "triangle_ar_1p66_total_prediction_samples": 400,
        "triangle_ar_1p66_max_l2_error": 1.3857172727584839,
        "triangle_ar_1p66_min_l2_error": 0.7467517852783203,
        "triangle_ar_1p66_mean_l2_error": 0.9564300775527954,
        "triangle_ar_2p0_total_prediction_time": 0.7073707580566406,
        "triangle_ar_2p0_total_prediction_samples": 400,
        "triangle_ar_2p0_max_l2_error": 1.5991309881210327,
        "triangle_ar_2p0_min_l2_error": 1.5339621305465698,
        "triangle_ar_2p0_mean_l2_error": 1.5711205005645752,
        "cylinder_half_total_prediction_time": 0.7132384777069092,
        "cylinder_half_total_prediction_samples": 400,
        "cylinder_half_max_l2_error": 0.5520621538162231,
        "cylinder_half_min_l2_error": 0.25842759013175964,
        "cylinder_half_mean_l2_error": 0.34033507108688354,
        "cylinder_half_flipped_total_prediction_time": 0.775982141494751,
        "cylinder_half_flipped_total_prediction_samples": 400,
        "cylinder_half_flipped_max_l2_error": 0.6056398153305054,
        "cylinder_half_flipped_min_l2_error": 0.35740476846694946,
        "cylinder_half_flipped_mean_l2_error": 0.4957466125488281
    }
}