{
    "counter": 0,
    "0": {
        "total_training_time": 263.9571313858032,
        "total_epochs": 188,
        "total_prediction_time": 3.532503843307495,
        "total_prediction_samples": 320,
        "max_l2_error": 0.01742824725806713,
        "min_l2_error": 0.013601605780422688,
        "mean_l2_error": 0.015408230014145374,
        "diamond_ar_1p25_total_prediction_time": 3.6621909141540527,
        "diamond_ar_1p25_total_prediction_samples": 400,
        "diamond_ar_1p25_max_l2_error": 0.041609540581703186,
        "diamond_ar_1p25_min_l2_error": 0.02584821730852127,
        "diamond_ar_1p25_mean_l2_error": 0.03195803239941597,
        "diamond_ar_1p5_total_prediction_time": 0.5907351970672607,
        "diamond_ar_1p5_total_prediction_samples": 400,
        "diamond_ar_1p5_max_l2_error": 0.03755533695220947,
        "diamond_ar_1p5_min_l2_error": 0.027621444314718246,
        "diamond_ar_1p5_mean_l2_error": 0.03245522826910019,
        "diamond_ar_1p66_total_prediction_time": 0.8693885803222656,
        "diamond_ar_1p66_total_prediction_samples": 400,
        "diamond_ar_1p66_max_l2_error": 0.0362117663025856,
        "diamond_ar_1p66_min_l2_error": 0.030774276703596115,
        "diamond_ar_1p66_mean_l2_error": 0.033056143671274185,
        "diamond_ar_2p0_total_prediction_time": 0.5938057899475098,
        "diamond_ar_2p0_total_prediction_samples": 400,
        "diamond_ar_2p0_max_l2_error": 0.040459971874952316,
        "diamond_ar_2p0_min_l2_error": 0.0404580682516098,
        "diamond_ar_2p0_mean_l2_error": 0.04045893996953964,
        "triangle_ar_1p25_total_prediction_time": 0.5770385265350342,
        "triangle_ar_1p25_total_prediction_samples": 400,
        "triangle_ar_1p25_max_l2_error": 0.12855838239192963,
        "triangle_ar_1p25_min_l2_error": 0.08364914357662201,
        "triangle_ar_1p25_mean_l2_error": 0.10465481132268906,
        "triangle_ar_1p5_total_prediction_time": 0.5719575881958008,
        "triangle_ar_1p5_total_prediction_samples": 400,
        "triangle_ar_1p5_max_l2_error": 0.1857147067785263,
        "triangle_ar_1p5_min_l2_error": 0.12084807455539703,
        "triangle_ar_1p5_mean_l2_error": 0.15202514827251434,
        "triangle_ar_1p66_total_prediction_time": 0.585036039352417,
        "triangle_ar_1p66_total_prediction_samples": 400,
        "triangle_ar_1p66_max_l2_error": 0.12553638219833374,
        "triangle_ar_1p66_min_l2_error": 0.10594931989908218,
        "triangle_ar_1p66_mean_l2_error": 0.11766614764928818,
        "triangle_ar_2p0_total_prediction_time": 0.5887107849121094,
        "triangle_ar_2p0_total_prediction_samples": 400,
        "triangle_ar_2p0_max_l2_error": 0.09754444658756256,
        "triangle_ar_2p0_min_l2_error": 0.09730210155248642,
        "triangle_ar_2p0_mean_l2_error": 0.09743364155292511,
        "cylinder_half_total_prediction_time": 0.5815386772155762,
        "cylinder_half_total_prediction_samples": 400,
        "cylinder_half_max_l2_error": 0.04885666072368622,
        "cylinder_half_min_l2_error": 0.025886040180921555,
        "cylinder_half_mean_l2_error": 0.03511488810181618,
        "cylinder_half_flipped_total_prediction_time": 0.5862634181976318,
        "cylinder_half_flipped_total_prediction_samples": 400,
        "cylinder_half_flipped_max_l2_error": 0.05638214945793152,
        "cylinder_half_flipped_min_l2_error": 0.027913572266697884,
        "cylinder_half_flipped_mean_l2_error": 0.03765761852264404
    }
}