{
    "counter": 0,
    "0": {
        "total_training_time": 243.14710140228271,
        "total_epochs": 590,
        "total_prediction_time": 1.601884365081787,
        "total_prediction_samples": 320,
        "max_l2_error": 0.048028089106082916,
        "min_l2_error": 0.02860041707754135,
        "mean_l2_error": 0.038633979856967926,
        "diamond_ar_1p25_total_prediction_time": 1.757674217224121,
        "diamond_ar_1p25_total_prediction_samples": 400,
        "diamond_ar_1p25_max_l2_error": 0.061025604605674744,
        "diamond_ar_1p25_min_l2_error": 0.041400495916604996,
        "diamond_ar_1p25_mean_l2_error": 0.0508311465382576,
        "diamond_ar_1p5_total_prediction_time": 0.4137418270111084,
        "diamond_ar_1p5_total_prediction_samples": 400,
        "diamond_ar_1p5_max_l2_error": 0.0602639801800251,
        "diamond_ar_1p5_min_l2_error": 0.04297726973891258,
        "diamond_ar_1p5_mean_l2_error": 0.05258616432547569,
        "diamond_ar_1p66_total_prediction_time": 0.3977384567260742,
        "diamond_ar_1p66_total_prediction_samples": 400,
        "diamond_ar_1p66_max_l2_error": 0.04998740553855896,
        "diamond_ar_1p66_min_l2_error": 0.04292985424399376,
        "diamond_ar_1p66_mean_l2_error": 0.047136321663856506,
        "diamond_ar_2p0_total_prediction_time": 0.39238929748535156,
        "diamond_ar_2p0_total_prediction_samples": 400,
        "diamond_ar_2p0_max_l2_error": 0.060024622827768326,
        "diamond_ar_2p0_min_l2_error": 0.06000744178891182,
        "diamond_ar_2p0_mean_l2_error": 0.06001557409763336,
        "triangle_ar_1p25_total_prediction_time": 0.38942575454711914,
        "triangle_ar_1p25_total_prediction_samples": 400,
        "triangle_ar_1p25_max_l2_error": 0.1567336916923523,
        "triangle_ar_1p25_min_l2_error": 0.10906379669904709,
        "triangle_ar_1p25_mean_l2_error": 0.1322261095046997,
        "triangle_ar_1p5_total_prediction_time": 0.40730834007263184,
        "triangle_ar_1p5_total_prediction_samples": 400,
        "triangle_ar_1p5_max_l2_error": 0.18605667352676392,
        "triangle_ar_1p5_min_l2_error": 0.1478549689054489,
        "triangle_ar_1p5_mean_l2_error": 0.16755463182926178,
        "triangle_ar_1p66_total_prediction_time": 0.40982484817504883,
        "triangle_ar_1p66_total_prediction_samples": 400,
        "triangle_ar_1p66_max_l2_error": 0.13404600322246552,
        "triangle_ar_1p66_min_l2_error": 0.12296842038631439,
        "triangle_ar_1p66_mean_l2_error": 0.1283615678548813,
        "triangle_ar_2p0_total_prediction_time": 0.3993072509765625,
        "triangle_ar_2p0_total_prediction_samples": 400,
        "triangle_ar_2p0_max_l2_error": 0.11237305402755737,
        "triangle_ar_2p0_min_l2_error": 0.11225859075784683,
        "triangle_ar_2p0_mean_l2_error": 0.11231480538845062,
        "cylinder_half_total_prediction_time": 0.4052293300628662,
        "cylinder_half_total_prediction_samples": 400,
        "cylinder_half_max_l2_error": 0.07227286696434021,
        "cylinder_half_min_l2_error": 0.04995807260274887,
        "cylinder_half_mean_l2_error": 0.061252061277627945,
        "cylinder_half_flipped_total_prediction_time": 0.4035356044769287,
        "cylinder_half_flipped_total_prediction_samples": 400,
        "cylinder_half_flipped_max_l2_error": 0.06915616989135742,
        "cylinder_half_flipped_min_l2_error": 0.046925194561481476,
        "cylinder_half_flipped_mean_l2_error": 0.05540799722075462
    }
}