{
    "counter": 0,
    "0": {
        "total_training_time": 166.09465622901917,
        "total_epochs": 272,
        "total_prediction_time": 1.596043586730957,
        "total_prediction_samples": 320,
        "max_l2_error": 0.030673500150442123,
        "min_l2_error": 0.022994637489318848,
        "mean_l2_error": 0.026315653696656227,
        "diamond_ar_1p25_total_prediction_time": 1.9579353332519531,
        "diamond_ar_1p25_total_prediction_samples": 400,
        "diamond_ar_1p25_max_l2_error": 0.07138827443122864,
        "diamond_ar_1p25_min_l2_error": 0.04540972411632538,
        "diamond_ar_1p25_mean_l2_error": 0.055923450738191605,
        "diamond_ar_1p5_total_prediction_time": 0.3901820182800293,
        "diamond_ar_1p5_total_prediction_samples": 400,
        "diamond_ar_1p5_max_l2_error": 0.06665945798158646,
        "diamond_ar_1p5_min_l2_error": 0.052502136677503586,
        "diamond_ar_1p5_mean_l2_error": 0.05741914361715317,
        "diamond_ar_1p66_total_prediction_time": 0.3918638229370117,
        "diamond_ar_1p66_total_prediction_samples": 400,
        "diamond_ar_1p66_max_l2_error": 0.054917171597480774,
        "diamond_ar_1p66_min_l2_error": 0.04847000539302826,
        "diamond_ar_1p66_mean_l2_error": 0.05183611810207367,
        "diamond_ar_2p0_total_prediction_time": 0.3808743953704834,
        "diamond_ar_2p0_total_prediction_samples": 400,
        "diamond_ar_2p0_max_l2_error": 0.05784396827220917,
        "diamond_ar_2p0_min_l2_error": 0.0578114278614521,
        "diamond_ar_2p0_mean_l2_error": 0.057828787714242935,
        "triangle_ar_1p25_total_prediction_time": 0.39952611923217773,
        "triangle_ar_1p25_total_prediction_samples": 400,
        "triangle_ar_1p25_max_l2_error": 0.15906165540218353,
        "triangle_ar_1p25_min_l2_error": 0.11027505993843079,
        "triangle_ar_1p25_mean_l2_error": 0.13659723103046417,
        "triangle_ar_1p5_total_prediction_time": 0.38835763931274414,
        "triangle_ar_1p5_total_prediction_samples": 400,
        "triangle_ar_1p5_max_l2_error": 0.18217596411705017,
        "triangle_ar_1p5_min_l2_error": 0.1548576056957245,
        "triangle_ar_1p5_mean_l2_error": 0.16851045191287994,
        "triangle_ar_1p66_total_prediction_time": 0.383563756942749,
        "triangle_ar_1p66_total_prediction_samples": 400,
        "triangle_ar_1p66_max_l2_error": 0.15105044841766357,
        "triangle_ar_1p66_min_l2_error": 0.13254043459892273,
        "triangle_ar_1p66_mean_l2_error": 0.1432025283575058,
        "triangle_ar_2p0_total_prediction_time": 0.38947129249572754,
        "triangle_ar_2p0_total_prediction_samples": 400,
        "triangle_ar_2p0_max_l2_error": 0.1135798916220665,
        "triangle_ar_2p0_min_l2_error": 0.11333686113357544,
        "triangle_ar_2p0_mean_l2_error": 0.11344973742961884,
        "cylinder_half_total_prediction_time": 0.39404845237731934,
        "cylinder_half_total_prediction_samples": 400,
        "cylinder_half_max_l2_error": 0.06165806204080582,
        "cylinder_half_min_l2_error": 0.037235964089632034,
        "cylinder_half_mean_l2_error": 0.046159639954566956,
        "cylinder_half_flipped_total_prediction_time": 0.38924360275268555,
        "cylinder_half_flipped_total_prediction_samples": 400,
        "cylinder_half_flipped_max_l2_error": 0.05633154511451721,
        "cylinder_half_flipped_min_l2_error": 0.04212072864174843,
        "cylinder_half_flipped_mean_l2_error": 0.049924153834581375
    }
}