{
    "counter": 0,
    "0": {
        "total_training_time": 1442.575485944748,
        "total_epochs": 323,
        "total_prediction_time": 2.2435829639434814,
        "total_prediction_samples": 320,
        "max_l2_error": 0.2509878873825073,
        "min_l2_error": 0.09148641675710678,
        "mean_l2_error": 0.1364036351442337,
        "diamond_ar_1p25_total_prediction_time": 2.439802646636963,
        "diamond_ar_1p25_total_prediction_samples": 400,
        "diamond_ar_1p25_max_l2_error": 0.7470728158950806,
        "diamond_ar_1p25_min_l2_error": 0.2969912886619568,
        "diamond_ar_1p25_mean_l2_error": 0.42038384079933167,
        "diamond_ar_1p5_total_prediction_time": 0.7271666526794434,
        "diamond_ar_1p5_total_prediction_samples": 400,
        "diamond_ar_1p5_max_l2_error": 1.196895956993103,
        "diamond_ar_1p5_min_l2_error": 0.588691771030426,
        "diamond_ar_1p5_mean_l2_error": 0.7428591847419739,
        "diamond_ar_1p66_total_prediction_time": 0.7243154048919678,
        "diamond_ar_1p66_total_prediction_samples": 400,
        "diamond_ar_1p66_max_l2_error": 1.2937129735946655,
        "diamond_ar_1p66_min_l2_error": 0.8532233238220215,
        "diamond_ar_1p66_mean_l2_error": 1.0000642538070679,
        "diamond_ar_2p0_total_prediction_time": 0.7186877727508545,
        "diamond_ar_2p0_total_prediction_samples": 400,
        "diamond_ar_2p0_max_l2_error": 2.057600498199463,
        "diamond_ar_2p0_min_l2_error": 2.0574281215667725,
        "diamond_ar_2p0_mean_l2_error": 2.057507276535034,
        "triangle_ar_1p25_total_prediction_time": 0.7154037952423096,
        "triangle_ar_1p25_total_prediction_samples": 400,
        "triangle_ar_1p25_max_l2_error": 1.146923303604126,
        "triangle_ar_1p25_min_l2_error": 0.45391538739204407,
        "triangle_ar_1p25_mean_l2_error": 0.6215767860412598,
        "triangle_ar_1p5_total_prediction_time": 0.7139666080474854,
        "triangle_ar_1p5_total_prediction_samples": 400,
        "triangle_ar_1p5_max_l2_error": 1.356715440750122,
        "triangle_ar_1p5_min_l2_error": 0.5560415387153625,
        "triangle_ar_1p5_mean_l2_error": 0.7710008025169373,
        "triangle_ar_1p66_total_prediction_time": 0.726377010345459,
        "triangle_ar_1p66_total_prediction_samples": 400,
        "triangle_ar_1p66_max_l2_error": 1.4407052993774414,
        "triangle_ar_1p66_min_l2_error": 0.7668172717094421,
        "triangle_ar_1p66_mean_l2_error": 1.0043816566467285,
        "triangle_ar_2p0_total_prediction_time": 0.7278287410736084,
        "triangle_ar_2p0_total_prediction_samples": 400,
        "triangle_ar_2p0_max_l2_error": 2.8608248233795166,
        "triangle_ar_2p0_min_l2_error": 2.552600145339966,
        "triangle_ar_2p0_mean_l2_error": 2.784271001815796,
        "cylinder_half_total_prediction_time": 0.7199664115905762,
        "cylinder_half_total_prediction_samples": 400,
        "cylinder_half_max_l2_error": 0.5862253308296204,
        "cylinder_half_min_l2_error": 0.24219617247581482,
        "cylinder_half_mean_l2_error": 0.3324543833732605,
        "cylinder_half_flipped_total_prediction_time": 0.7315986156463623,
        "cylinder_half_flipped_total_prediction_samples": 400,
        "cylinder_half_flipped_max_l2_error": 0.6911954283714294,
        "cylinder_half_flipped_min_l2_error": 0.3756660521030426,
        "cylinder_half_flipped_mean_l2_error": 0.4869742691516876
    }
}