{
    "counter": 0,
    "0": {
        "total_training_time": 504.8409402370453,
        "total_epochs": 300,
        "total_prediction_time": 3.9848849773406982,
        "total_prediction_samples": 320,
        "max_l2_error": 0.014687946997582912,
        "min_l2_error": 0.011112676002085209,
        "mean_l2_error": 0.012763681821525097,
        "diamond_ar_1p25_total_prediction_time": 4.220675468444824,
        "diamond_ar_1p25_total_prediction_samples": 400,
        "diamond_ar_1p25_max_l2_error": 0.03564872965216637,
        "diamond_ar_1p25_min_l2_error": 0.02539486438035965,
        "diamond_ar_1p25_mean_l2_error": 0.030559230595827103,
        "diamond_ar_1p5_total_prediction_time": 0.7038533687591553,
        "diamond_ar_1p5_total_prediction_samples": 400,
        "diamond_ar_1p5_max_l2_error": 0.035634152591228485,
        "diamond_ar_1p5_min_l2_error": 0.024293798953294754,
        "diamond_ar_1p5_mean_l2_error": 0.028385203331708908,
        "diamond_ar_1p66_total_prediction_time": 0.71097731590271,
        "diamond_ar_1p66_total_prediction_samples": 400,
        "diamond_ar_1p66_max_l2_error": 0.03368421271443367,
        "diamond_ar_1p66_min_l2_error": 0.03180035948753357,
        "diamond_ar_1p66_mean_l2_error": 0.03268769383430481,
        "diamond_ar_2p0_total_prediction_time": 0.7016177177429199,
        "diamond_ar_2p0_total_prediction_samples": 400,
        "diamond_ar_2p0_max_l2_error": 0.046081919223070145,
        "diamond_ar_2p0_min_l2_error": 0.04608013108372688,
        "diamond_ar_2p0_mean_l2_error": 0.04608077183365822,
        "triangle_ar_1p25_total_prediction_time": 0.7108585834503174,
        "triangle_ar_1p25_total_prediction_samples": 400,
        "triangle_ar_1p25_max_l2_error": 0.12196331471204758,
        "triangle_ar_1p25_min_l2_error": 0.09551932662725449,
        "triangle_ar_1p25_mean_l2_error": 0.11024671792984009,
        "triangle_ar_1p5_total_prediction_time": 0.6946778297424316,
        "triangle_ar_1p5_total_prediction_samples": 400,
        "triangle_ar_1p5_max_l2_error": 0.18186427652835846,
        "triangle_ar_1p5_min_l2_error": 0.11515439301729202,
        "triangle_ar_1p5_mean_l2_error": 0.15290775895118713,
        "triangle_ar_1p66_total_prediction_time": 0.6827607154846191,
        "triangle_ar_1p66_total_prediction_samples": 400,
        "triangle_ar_1p66_max_l2_error": 0.13806290924549103,
        "triangle_ar_1p66_min_l2_error": 0.11931005120277405,
        "triangle_ar_1p66_mean_l2_error": 0.12808513641357422,
        "triangle_ar_2p0_total_prediction_time": 0.6793346405029297,
        "triangle_ar_2p0_total_prediction_samples": 400,
        "triangle_ar_2p0_max_l2_error": 0.10058048367500305,
        "triangle_ar_2p0_min_l2_error": 0.10044468939304352,
        "triangle_ar_2p0_mean_l2_error": 0.10050638020038605,
        "cylinder_half_total_prediction_time": 0.7059698104858398,
        "cylinder_half_total_prediction_samples": 400,
        "cylinder_half_max_l2_error": 0.05025190860033035,
        "cylinder_half_min_l2_error": 0.027413994073867798,
        "cylinder_half_mean_l2_error": 0.03451092168688774,
        "cylinder_half_flipped_total_prediction_time": 0.6955544948577881,
        "cylinder_half_flipped_total_prediction_samples": 400,
        "cylinder_half_flipped_max_l2_error": 0.04770825803279877,
        "cylinder_half_flipped_min_l2_error": 0.02763953246176243,
        "cylinder_half_flipped_mean_l2_error": 0.03607752174139023
    }
}