{
    "counter": 0,
    "0": {
        "total_training_time": 214.48834013938904,
        "total_epochs": 370,
        "total_prediction_time": 1.8223896026611328,
        "total_prediction_samples": 320,
        "max_l2_error": 0.15737241506576538,
        "min_l2_error": 0.07713840901851654,
        "mean_l2_error": 0.10269653797149658,
        "diamond_ar_1p25_total_prediction_time": 2.1394283771514893,
        "diamond_ar_1p25_total_prediction_samples": 400,
        "diamond_ar_1p25_max_l2_error": 0.1033475324511528,
        "diamond_ar_1p25_min_l2_error": 0.08468525111675262,
        "diamond_ar_1p25_mean_l2_error": 0.09347211569547653,
        "diamond_ar_1p5_total_prediction_time": 0.5388786792755127,
        "diamond_ar_1p5_total_prediction_samples": 400,
        "diamond_ar_1p5_max_l2_error": 0.09542375802993774,
        "diamond_ar_1p5_min_l2_error": 0.08763091266155243,
        "diamond_ar_1p5_mean_l2_error": 0.09209005534648895,
        "diamond_ar_1p66_total_prediction_time": 0.5383322238922119,
        "diamond_ar_1p66_total_prediction_samples": 400,
        "diamond_ar_1p66_max_l2_error": 0.09402657300233841,
        "diamond_ar_1p66_min_l2_error": 0.08636242896318436,
        "diamond_ar_1p66_mean_l2_error": 0.08994581550359726,
        "diamond_ar_2p0_total_prediction_time": 0.5436110496520996,
        "diamond_ar_2p0_total_prediction_samples": 400,
        "diamond_ar_2p0_max_l2_error": 0.102675661444664,
        "diamond_ar_2p0_min_l2_error": 0.10267093777656555,
        "diamond_ar_2p0_mean_l2_error": 0.10267350822687149,
        "triangle_ar_1p25_total_prediction_time": 0.5580146312713623,
        "triangle_ar_1p25_total_prediction_samples": 400,
        "triangle_ar_1p25_max_l2_error": 0.1409359723329544,
        "triangle_ar_1p25_min_l2_error": 0.1212802529335022,
        "triangle_ar_1p25_mean_l2_error": 0.1307392418384552,
        "triangle_ar_1p5_total_prediction_time": 0.614919900894165,
        "triangle_ar_1p5_total_prediction_samples": 400,
        "triangle_ar_1p5_max_l2_error": 0.1757337749004364,
        "triangle_ar_1p5_min_l2_error": 0.15320177376270294,
        "triangle_ar_1p5_mean_l2_error": 0.16431289911270142,
        "triangle_ar_1p66_total_prediction_time": 0.5876779556274414,
        "triangle_ar_1p66_total_prediction_samples": 400,
        "triangle_ar_1p66_max_l2_error": 0.15684597194194794,
        "triangle_ar_1p66_min_l2_error": 0.1467714160680771,
        "triangle_ar_1p66_mean_l2_error": 0.15104687213897705,
        "triangle_ar_2p0_total_prediction_time": 0.5914242267608643,
        "triangle_ar_2p0_total_prediction_samples": 400,
        "triangle_ar_2p0_max_l2_error": 0.13625778257846832,
        "triangle_ar_2p0_min_l2_error": 0.1361912488937378,
        "triangle_ar_2p0_mean_l2_error": 0.13622833788394928,
        "cylinder_half_total_prediction_time": 0.5789153575897217,
        "cylinder_half_total_prediction_samples": 400,
        "cylinder_half_max_l2_error": 0.11177702248096466,
        "cylinder_half_min_l2_error": 0.08108662813901901,
        "cylinder_half_mean_l2_error": 0.09914243966341019,
        "cylinder_half_flipped_total_prediction_time": 0.562891960144043,
        "cylinder_half_flipped_total_prediction_samples": 400,
        "cylinder_half_flipped_max_l2_error": 0.09374896436929703,
        "cylinder_half_flipped_min_l2_error": 0.08041535317897797,
        "cylinder_half_flipped_mean_l2_error": 0.08756820857524872
    }
}