{
    "counter": 1,
    "0": {
        "total_prediction_time": 0.01928544044494629,
        "total_prediction_samples": 80,
        "max_l2_error": 0.37822988629341125,
        "min_l2_error": 0.30515772104263306,
        "mean_l2_error": 0.3446315824985504,
        "diamond_ar_1p25_total_prediction_time": 0.09834504127502441,
        "diamond_ar_1p25_total_prediction_samples": 400,
        "diamond_ar_1p25_max_l2_error": 0.436603307723999,
        "diamond_ar_1p25_min_l2_error": 0.34109029173851013,
        "diamond_ar_1p25_mean_l2_error": 0.38323909044265747,
        "diamond_ar_1p5_total_prediction_time": 0.09909510612487793,
        "diamond_ar_1p5_total_prediction_samples": 400,
        "diamond_ar_1p5_max_l2_error": 0.4302745461463928,
        "diamond_ar_1p5_min_l2_error": 0.3622186481952667,
        "diamond_ar_1p5_mean_l2_error": 0.39482581615448,
        "diamond_ar_1p66_total_prediction_time": 0.09939193725585938,
        "diamond_ar_1p66_total_prediction_samples": 400,
        "diamond_ar_1p66_max_l2_error": 0.3929709196090698,
        "diamond_ar_1p66_min_l2_error": 0.3761657774448395,
        "diamond_ar_1p66_mean_l2_error": 0.3859449028968811,
        "diamond_ar_2p0_total_prediction_time": 0.09856581687927246,
        "diamond_ar_2p0_total_prediction_samples": 400,
        "diamond_ar_2p0_max_l2_error": 0.40802326798439026,
        "diamond_ar_2p0_min_l2_error": 0.4080207049846649,
        "diamond_ar_2p0_mean_l2_error": 0.4080219268798828,
        "triangle_ar_1p25_total_prediction_time": 0.09838700294494629,
        "triangle_ar_1p25_total_prediction_samples": 400,
        "triangle_ar_1p25_max_l2_error": 0.4743799865245819,
        "triangle_ar_1p25_min_l2_error": 0.43071144819259644,
        "triangle_ar_1p25_mean_l2_error": 0.45029202103614807,
        "triangle_ar_1p5_total_prediction_time": 0.09944581985473633,
        "triangle_ar_1p5_total_prediction_samples": 400,
        "triangle_ar_1p5_max_l2_error": 0.49619895219802856,
        "triangle_ar_1p5_min_l2_error": 0.39520153403282166,
        "triangle_ar_1p5_mean_l2_error": 0.451149582862854,
        "triangle_ar_1p66_total_prediction_time": 0.09818220138549805,
        "triangle_ar_1p66_total_prediction_samples": 400,
        "triangle_ar_1p66_max_l2_error": 0.44613194465637207,
        "triangle_ar_1p66_min_l2_error": 0.4023352265357971,
        "triangle_ar_1p66_mean_l2_error": 0.42304810881614685,
        "triangle_ar_2p0_total_prediction_time": 0.09852385520935059,
        "triangle_ar_2p0_total_prediction_samples": 400,
        "triangle_ar_2p0_max_l2_error": 0.4339224398136139,
        "triangle_ar_2p0_min_l2_error": 0.4338614344596863,
        "triangle_ar_2p0_mean_l2_error": 0.4338756501674652,
        "cylinder_half_total_prediction_time": 0.09758520126342773,
        "cylinder_half_total_prediction_samples": 400,
        "cylinder_half_max_l2_error": 0.4221303462982178,
        "cylinder_half_min_l2_error": 0.3328855037689209,
        "cylinder_half_mean_l2_error": 0.3623645305633545,
        "cylinder_half_flipped_total_prediction_time": 0.09825563430786133,
        "cylinder_half_flipped_total_prediction_samples": 400,
        "cylinder_half_flipped_max_l2_error": 0.37950193881988525,
        "cylinder_half_flipped_min_l2_error": 0.2870021164417267,
        "cylinder_half_flipped_mean_l2_error": 0.32166457176208496
    },
    "1": {
        "total_prediction_time": 0.013440370559692383,
        "total_prediction_samples": 80,
        "max_l2_error": 0.37822988629341125,
        "min_l2_error": 0.30515772104263306,
        "mean_l2_error": 0.3446315824985504,
        "diamond_ar_1p25_total_prediction_time": 0.09866929054260254,
        "diamond_ar_1p25_total_prediction_samples": 400,
        "diamond_ar_1p25_max_l2_error": 0.436603307723999,
        "diamond_ar_1p25_min_l2_error": 0.34109029173851013,
        "diamond_ar_1p25_mean_l2_error": 0.38323909044265747,
        "diamond_ar_1p5_total_prediction_time": 0.0982670783996582,
        "diamond_ar_1p5_total_prediction_samples": 400,
        "diamond_ar_1p5_max_l2_error": 0.4302745461463928,
        "diamond_ar_1p5_min_l2_error": 0.3622186481952667,
        "diamond_ar_1p5_mean_l2_error": 0.39482581615448,
        "diamond_ar_1p66_total_prediction_time": 0.09865713119506836,
        "diamond_ar_1p66_total_prediction_samples": 400,
        "diamond_ar_1p66_max_l2_error": 0.3929709196090698,
        "diamond_ar_1p66_min_l2_error": 0.3761657774448395,
        "diamond_ar_1p66_mean_l2_error": 0.3859449028968811,
        "diamond_ar_2p0_total_prediction_time": 0.09797024726867676,
        "diamond_ar_2p0_total_prediction_samples": 400,
        "diamond_ar_2p0_max_l2_error": 0.40802326798439026,
        "diamond_ar_2p0_min_l2_error": 0.4080207049846649,
        "diamond_ar_2p0_mean_l2_error": 0.4080219268798828,
        "triangle_ar_1p25_total_prediction_time": 0.09871554374694824,
        "triangle_ar_1p25_total_prediction_samples": 400,
        "triangle_ar_1p25_max_l2_error": 0.4743799865245819,
        "triangle_ar_1p25_min_l2_error": 0.43071144819259644,
        "triangle_ar_1p25_mean_l2_error": 0.45029202103614807,
        "triangle_ar_1p5_total_prediction_time": 0.09830045700073242,
        "triangle_ar_1p5_total_prediction_samples": 400,
        "triangle_ar_1p5_max_l2_error": 0.49619895219802856,
        "triangle_ar_1p5_min_l2_error": 0.39520153403282166,
        "triangle_ar_1p5_mean_l2_error": 0.451149582862854,
        "triangle_ar_1p66_total_prediction_time": 0.09844803810119629,
        "triangle_ar_1p66_total_prediction_samples": 400,
        "triangle_ar_1p66_max_l2_error": 0.44613194465637207,
        "triangle_ar_1p66_min_l2_error": 0.4023352265357971,
        "triangle_ar_1p66_mean_l2_error": 0.42304810881614685,
        "triangle_ar_2p0_total_prediction_time": 0.09838676452636719,
        "triangle_ar_2p0_total_prediction_samples": 400,
        "triangle_ar_2p0_max_l2_error": 0.4339224398136139,
        "triangle_ar_2p0_min_l2_error": 0.4338614344596863,
        "triangle_ar_2p0_mean_l2_error": 0.4338756501674652,
        "cylinder_half_total_prediction_time": 0.09869956970214844,
        "cylinder_half_total_prediction_samples": 400,
        "cylinder_half_max_l2_error": 0.4221303462982178,
        "cylinder_half_min_l2_error": 0.3328855037689209,
        "cylinder_half_mean_l2_error": 0.3623645305633545,
        "cylinder_half_flipped_total_prediction_time": 0.09869170188903809,
        "cylinder_half_flipped_total_prediction_samples": 400,
        "cylinder_half_flipped_max_l2_error": 0.37950193881988525,
        "cylinder_half_flipped_min_l2_error": 0.2870021164417267,
        "cylinder_half_flipped_mean_l2_error": 0.32166457176208496
    }
}