{
    "counter": 0,
    "0": {
        "total_training_time": 165.73079299926758,
        "total_epochs": 330,
        "total_prediction_time": 1.5782582759857178,
        "total_prediction_samples": 320,
        "max_l2_error": 0.02435920387506485,
        "min_l2_error": 0.015525557100772858,
        "mean_l2_error": 0.01964072324335575,
        "diamond_ar_1p25_total_prediction_time": 1.8042759895324707,
        "diamond_ar_1p25_total_prediction_samples": 400,
        "diamond_ar_1p25_max_l2_error": 0.04816173389554024,
        "diamond_ar_1p25_min_l2_error": 0.03603589907288551,
        "diamond_ar_1p25_mean_l2_error": 0.042904648929834366,
        "diamond_ar_1p5_total_prediction_time": 0.4002406597137451,
        "diamond_ar_1p5_total_prediction_samples": 400,
        "diamond_ar_1p5_max_l2_error": 0.047399669885635376,
        "diamond_ar_1p5_min_l2_error": 0.03584647551178932,
        "diamond_ar_1p5_mean_l2_error": 0.04241061210632324,
        "diamond_ar_1p66_total_prediction_time": 0.3947169780731201,
        "diamond_ar_1p66_total_prediction_samples": 400,
        "diamond_ar_1p66_max_l2_error": 0.04509740322828293,
        "diamond_ar_1p66_min_l2_error": 0.04119843989610672,
        "diamond_ar_1p66_mean_l2_error": 0.042924825102090836,
        "diamond_ar_2p0_total_prediction_time": 0.4136185646057129,
        "diamond_ar_2p0_total_prediction_samples": 400,
        "diamond_ar_2p0_max_l2_error": 0.05716511607170105,
        "diamond_ar_2p0_min_l2_error": 0.05714104324579239,
        "diamond_ar_2p0_mean_l2_error": 0.05715201050043106,
        "triangle_ar_1p25_total_prediction_time": 0.4044210910797119,
        "triangle_ar_1p25_total_prediction_samples": 400,
        "triangle_ar_1p25_max_l2_error": 0.13578163087368011,
        "triangle_ar_1p25_min_l2_error": 0.09854330122470856,
        "triangle_ar_1p25_mean_l2_error": 0.11976495385169983,
        "triangle_ar_1p5_total_prediction_time": 0.4044370651245117,
        "triangle_ar_1p5_total_prediction_samples": 400,
        "triangle_ar_1p5_max_l2_error": 0.1674720048904419,
        "triangle_ar_1p5_min_l2_error": 0.14237286150455475,
        "triangle_ar_1p5_mean_l2_error": 0.15530921518802643,
        "triangle_ar_1p66_total_prediction_time": 0.3943502902984619,
        "triangle_ar_1p66_total_prediction_samples": 400,
        "triangle_ar_1p66_max_l2_error": 0.1404336839914322,
        "triangle_ar_1p66_min_l2_error": 0.13006171584129333,
        "triangle_ar_1p66_mean_l2_error": 0.1349313110113144,
        "triangle_ar_2p0_total_prediction_time": 0.38890957832336426,
        "triangle_ar_2p0_total_prediction_samples": 400,
        "triangle_ar_2p0_max_l2_error": 0.10519188642501831,
        "triangle_ar_2p0_min_l2_error": 0.10491878539323807,
        "triangle_ar_2p0_mean_l2_error": 0.10504936426877975,
        "cylinder_half_total_prediction_time": 0.4075932502746582,
        "cylinder_half_total_prediction_samples": 400,
        "cylinder_half_max_l2_error": 0.056169748306274414,
        "cylinder_half_min_l2_error": 0.03648839145898819,
        "cylinder_half_mean_l2_error": 0.048093270510435104,
        "cylinder_half_flipped_total_prediction_time": 0.4069223403930664,
        "cylinder_half_flipped_total_prediction_samples": 400,
        "cylinder_half_flipped_max_l2_error": 0.05806009843945503,
        "cylinder_half_flipped_min_l2_error": 0.033850982785224915,
        "cylinder_half_flipped_mean_l2_error": 0.04627174511551857
    }
}