{
    "counter": 0,
    "0": {
        "total_training_time": 704.9366710186005,
        "total_epochs": 152,
        "total_prediction_time": 3.154843330383301,
        "total_prediction_samples": 320,
        "max_l2_error": 0.022291691973805428,
        "min_l2_error": 0.017154814675450325,
        "mean_l2_error": 0.019411804154515266,
        "diamond_ar_1p25_total_prediction_time": 3.151575803756714,
        "diamond_ar_1p25_total_prediction_samples": 400,
        "diamond_ar_1p25_max_l2_error": 0.04561694711446762,
        "diamond_ar_1p25_min_l2_error": 0.03039354458451271,
        "diamond_ar_1p25_mean_l2_error": 0.03553518280386925,
        "diamond_ar_1p5_total_prediction_time": 0.7069194316864014,
        "diamond_ar_1p5_total_prediction_samples": 400,
        "diamond_ar_1p5_max_l2_error": 0.04622161388397217,
        "diamond_ar_1p5_min_l2_error": 0.03577046096324921,
        "diamond_ar_1p5_mean_l2_error": 0.04128808155655861,
        "diamond_ar_1p66_total_prediction_time": 0.9135825634002686,
        "diamond_ar_1p66_total_prediction_samples": 400,
        "diamond_ar_1p66_max_l2_error": 0.041942596435546875,
        "diamond_ar_1p66_min_l2_error": 0.036093249917030334,
        "diamond_ar_1p66_mean_l2_error": 0.03920101746916771,
        "diamond_ar_2p0_total_prediction_time": 0.692253828048706,
        "diamond_ar_2p0_total_prediction_samples": 400,
        "diamond_ar_2p0_max_l2_error": 0.043074801564216614,
        "diamond_ar_2p0_min_l2_error": 0.04307234287261963,
        "diamond_ar_2p0_mean_l2_error": 0.04307378828525543,
        "triangle_ar_1p25_total_prediction_time": 0.720067024230957,
        "triangle_ar_1p25_total_prediction_samples": 400,
        "triangle_ar_1p25_max_l2_error": 0.1373077780008316,
        "triangle_ar_1p25_min_l2_error": 0.08959964662790298,
        "triangle_ar_1p25_mean_l2_error": 0.11079885810613632,
        "triangle_ar_1p5_total_prediction_time": 0.6185362339019775,
        "triangle_ar_1p5_total_prediction_samples": 400,
        "triangle_ar_1p5_max_l2_error": 0.17453987896442413,
        "triangle_ar_1p5_min_l2_error": 0.12170005589723587,
        "triangle_ar_1p5_mean_l2_error": 0.15057413280010223,
        "triangle_ar_1p66_total_prediction_time": 0.9635524749755859,
        "triangle_ar_1p66_total_prediction_samples": 400,
        "triangle_ar_1p66_max_l2_error": 0.1274918019771576,
        "triangle_ar_1p66_min_l2_error": 0.10612001270055771,
        "triangle_ar_1p66_mean_l2_error": 0.11831288039684296,
        "triangle_ar_2p0_total_prediction_time": 0.6798484325408936,
        "triangle_ar_2p0_total_prediction_samples": 400,
        "triangle_ar_2p0_max_l2_error": 0.09814221411943436,
        "triangle_ar_2p0_min_l2_error": 0.09795013070106506,
        "triangle_ar_2p0_mean_l2_error": 0.09803853929042816,
        "cylinder_half_total_prediction_time": 0.703787088394165,
        "cylinder_half_total_prediction_samples": 400,
        "cylinder_half_max_l2_error": 0.041478145867586136,
        "cylinder_half_min_l2_error": 0.030537456274032593,
        "cylinder_half_mean_l2_error": 0.035753484815359116,
        "cylinder_half_flipped_total_prediction_time": 0.6841821670532227,
        "cylinder_half_flipped_total_prediction_samples": 400,
        "cylinder_half_flipped_max_l2_error": 0.06194750592112541,
        "cylinder_half_flipped_min_l2_error": 0.029693452641367912,
        "cylinder_half_flipped_mean_l2_error": 0.041212424635887146
    }
}