{
    "counter": 0,
    "0": {
        "total_training_time": 721.7618536949158,
        "total_epochs": 250,
        "total_prediction_time": 4.5825865268707275,
        "total_prediction_samples": 320,
        "max_l2_error": 0.016212107613682747,
        "min_l2_error": 0.012491278350353241,
        "mean_l2_error": 0.014089536853134632,
        "diamond_ar_1p25_total_prediction_time": 4.183837890625,
        "diamond_ar_1p25_total_prediction_samples": 400,
        "diamond_ar_1p25_max_l2_error": 0.03720909357070923,
        "diamond_ar_1p25_min_l2_error": 0.02337174117565155,
        "diamond_ar_1p25_mean_l2_error": 0.03142808377742767,
        "diamond_ar_1p5_total_prediction_time": 0.8054814338684082,
        "diamond_ar_1p5_total_prediction_samples": 400,
        "diamond_ar_1p5_max_l2_error": 0.032769665122032166,
        "diamond_ar_1p5_min_l2_error": 0.02196880616247654,
        "diamond_ar_1p5_mean_l2_error": 0.028007283806800842,
        "diamond_ar_1p66_total_prediction_time": 0.7748486995697021,
        "diamond_ar_1p66_total_prediction_samples": 400,
        "diamond_ar_1p66_max_l2_error": 0.03060094453394413,
        "diamond_ar_1p66_min_l2_error": 0.02367572672665119,
        "diamond_ar_1p66_mean_l2_error": 0.026427730917930603,
        "diamond_ar_2p0_total_prediction_time": 0.8196249008178711,
        "diamond_ar_2p0_total_prediction_samples": 400,
        "diamond_ar_2p0_max_l2_error": 0.03099023550748825,
        "diamond_ar_2p0_min_l2_error": 0.03098810836672783,
        "diamond_ar_2p0_mean_l2_error": 0.030989117920398712,
        "triangle_ar_1p25_total_prediction_time": 0.8057565689086914,
        "triangle_ar_1p25_total_prediction_samples": 400,
        "triangle_ar_1p25_max_l2_error": 0.13507120311260223,
        "triangle_ar_1p25_min_l2_error": 0.0842990055680275,
        "triangle_ar_1p25_mean_l2_error": 0.1110764592885971,
        "triangle_ar_1p5_total_prediction_time": 0.7821643352508545,
        "triangle_ar_1p5_total_prediction_samples": 400,
        "triangle_ar_1p5_max_l2_error": 0.1861189603805542,
        "triangle_ar_1p5_min_l2_error": 0.12008658796548843,
        "triangle_ar_1p5_mean_l2_error": 0.1542806625366211,
        "triangle_ar_1p66_total_prediction_time": 0.7921924591064453,
        "triangle_ar_1p66_total_prediction_samples": 400,
        "triangle_ar_1p66_max_l2_error": 0.12746873497962952,
        "triangle_ar_1p66_min_l2_error": 0.09689750522375107,
        "triangle_ar_1p66_mean_l2_error": 0.11038154363632202,
        "triangle_ar_2p0_total_prediction_time": 0.7962322235107422,
        "triangle_ar_2p0_total_prediction_samples": 400,
        "triangle_ar_2p0_max_l2_error": 0.07309775799512863,
        "triangle_ar_2p0_min_l2_error": 0.07287399470806122,
        "triangle_ar_2p0_mean_l2_error": 0.07297229021787643,
        "cylinder_half_total_prediction_time": 0.8064186573028564,
        "cylinder_half_total_prediction_samples": 400,
        "cylinder_half_max_l2_error": 0.04495194926857948,
        "cylinder_half_min_l2_error": 0.027393266558647156,
        "cylinder_half_mean_l2_error": 0.03373945876955986,
        "cylinder_half_flipped_total_prediction_time": 0.8015320301055908,
        "cylinder_half_flipped_total_prediction_samples": 400,
        "cylinder_half_flipped_max_l2_error": 0.06552401185035706,
        "cylinder_half_flipped_min_l2_error": 0.027880745008587837,
        "cylinder_half_flipped_mean_l2_error": 0.04404047131538391
    }
}