{
    "counter": 0,
    "0": {
        "total_training_time": 1022.3348832130432,
        "total_epochs": 361,
        "total_prediction_time": 4.107467412948608,
        "total_prediction_samples": 320,
        "max_l2_error": 0.01398113276809454,
        "min_l2_error": 0.01066981628537178,
        "mean_l2_error": 0.012154428288340569,
        "diamond_ar_1p25_total_prediction_time": 4.59182596206665,
        "diamond_ar_1p25_total_prediction_samples": 400,
        "diamond_ar_1p25_max_l2_error": 0.04435611888766289,
        "diamond_ar_1p25_min_l2_error": 0.02165108546614647,
        "diamond_ar_1p25_mean_l2_error": 0.02918091230094433,
        "diamond_ar_1p5_total_prediction_time": 0.7946619987487793,
        "diamond_ar_1p5_total_prediction_samples": 400,
        "diamond_ar_1p5_max_l2_error": 0.03926082327961922,
        "diamond_ar_1p5_min_l2_error": 0.025822332128882408,
        "diamond_ar_1p5_mean_l2_error": 0.03038495033979416,
        "diamond_ar_1p66_total_prediction_time": 0.792393684387207,
        "diamond_ar_1p66_total_prediction_samples": 400,
        "diamond_ar_1p66_max_l2_error": 0.03344854339957237,
        "diamond_ar_1p66_min_l2_error": 0.028399726375937462,
        "diamond_ar_1p66_mean_l2_error": 0.030597634613513947,
        "diamond_ar_2p0_total_prediction_time": 0.7958283424377441,
        "diamond_ar_2p0_total_prediction_samples": 400,
        "diamond_ar_2p0_max_l2_error": 0.04130815342068672,
        "diamond_ar_2p0_min_l2_error": 0.04130619391798973,
        "diamond_ar_2p0_mean_l2_error": 0.04130741208791733,
        "triangle_ar_1p25_total_prediction_time": 0.7909605503082275,
        "triangle_ar_1p25_total_prediction_samples": 400,
        "triangle_ar_1p25_max_l2_error": 0.13296763598918915,
        "triangle_ar_1p25_min_l2_error": 0.08289561420679092,
        "triangle_ar_1p25_mean_l2_error": 0.10727783292531967,
        "triangle_ar_1p5_total_prediction_time": 0.7861359119415283,
        "triangle_ar_1p5_total_prediction_samples": 400,
        "triangle_ar_1p5_max_l2_error": 0.17292654514312744,
        "triangle_ar_1p5_min_l2_error": 0.10573242604732513,
        "triangle_ar_1p5_mean_l2_error": 0.14207085967063904,
        "triangle_ar_1p66_total_prediction_time": 0.805227518081665,
        "triangle_ar_1p66_total_prediction_samples": 400,
        "triangle_ar_1p66_max_l2_error": 0.12034560739994049,
        "triangle_ar_1p66_min_l2_error": 0.11160716414451599,
        "triangle_ar_1p66_mean_l2_error": 0.11499359458684921,
        "triangle_ar_2p0_total_prediction_time": 0.7835614681243896,
        "triangle_ar_2p0_total_prediction_samples": 400,
        "triangle_ar_2p0_max_l2_error": 0.08988633751869202,
        "triangle_ar_2p0_min_l2_error": 0.08972807228565216,
        "triangle_ar_2p0_mean_l2_error": 0.08981151878833771,
        "cylinder_half_total_prediction_time": 0.7711472511291504,
        "cylinder_half_total_prediction_samples": 400,
        "cylinder_half_max_l2_error": 0.04815787822008133,
        "cylinder_half_min_l2_error": 0.024375852197408676,
        "cylinder_half_mean_l2_error": 0.03535783663392067,
        "cylinder_half_flipped_total_prediction_time": 0.7901277542114258,
        "cylinder_half_flipped_total_prediction_samples": 400,
        "cylinder_half_flipped_max_l2_error": 0.05712420120835304,
        "cylinder_half_flipped_min_l2_error": 0.02918347902595997,
        "cylinder_half_flipped_mean_l2_error": 0.040831059217453
    }
}