{
    "counter": 0,
    "0": {
        "total_training_time": 469.65448331832886,
        "total_epochs": 831,
        "total_prediction_time": 1.9356696605682373,
        "total_prediction_samples": 320,
        "max_l2_error": 0.040151309221982956,
        "min_l2_error": 0.025077762082219124,
        "mean_l2_error": 0.03290463611483574,
        "diamond_ar_1p25_total_prediction_time": 2.1902830600738525,
        "diamond_ar_1p25_total_prediction_samples": 400,
        "diamond_ar_1p25_max_l2_error": 0.06219460070133209,
        "diamond_ar_1p25_min_l2_error": 0.04747505113482475,
        "diamond_ar_1p25_mean_l2_error": 0.05376216024160385,
        "diamond_ar_1p5_total_prediction_time": 0.5447993278503418,
        "diamond_ar_1p5_total_prediction_samples": 400,
        "diamond_ar_1p5_max_l2_error": 0.06003616377711296,
        "diamond_ar_1p5_min_l2_error": 0.05199461430311203,
        "diamond_ar_1p5_mean_l2_error": 0.05634016916155815,
        "diamond_ar_1p66_total_prediction_time": 0.5528526306152344,
        "diamond_ar_1p66_total_prediction_samples": 400,
        "diamond_ar_1p66_max_l2_error": 0.05554733797907829,
        "diamond_ar_1p66_min_l2_error": 0.05007839947938919,
        "diamond_ar_1p66_mean_l2_error": 0.0525975376367569,
        "diamond_ar_2p0_total_prediction_time": 0.5436842441558838,
        "diamond_ar_2p0_total_prediction_samples": 400,
        "diamond_ar_2p0_max_l2_error": 0.07071786373853683,
        "diamond_ar_2p0_min_l2_error": 0.0706973671913147,
        "diamond_ar_2p0_mean_l2_error": 0.0707070603966713,
        "triangle_ar_1p25_total_prediction_time": 0.55979323387146,
        "triangle_ar_1p25_total_prediction_samples": 400,
        "triangle_ar_1p25_max_l2_error": 0.14870905876159668,
        "triangle_ar_1p25_min_l2_error": 0.10823540389537811,
        "triangle_ar_1p25_mean_l2_error": 0.13265866041183472,
        "triangle_ar_1p5_total_prediction_time": 0.558849573135376,
        "triangle_ar_1p5_total_prediction_samples": 400,
        "triangle_ar_1p5_max_l2_error": 0.17843139171600342,
        "triangle_ar_1p5_min_l2_error": 0.1369512975215912,
        "triangle_ar_1p5_mean_l2_error": 0.1600927859544754,
        "triangle_ar_1p66_total_prediction_time": 0.5650842189788818,
        "triangle_ar_1p66_total_prediction_samples": 400,
        "triangle_ar_1p66_max_l2_error": 0.13667839765548706,
        "triangle_ar_1p66_min_l2_error": 0.12610255181789398,
        "triangle_ar_1p66_mean_l2_error": 0.13114416599273682,
        "triangle_ar_2p0_total_prediction_time": 0.5414106845855713,
        "triangle_ar_2p0_total_prediction_samples": 400,
        "triangle_ar_2p0_max_l2_error": 0.11305934190750122,
        "triangle_ar_2p0_min_l2_error": 0.11297573149204254,
        "triangle_ar_2p0_mean_l2_error": 0.11302366107702255,
        "cylinder_half_total_prediction_time": 0.5388989448547363,
        "cylinder_half_total_prediction_samples": 400,
        "cylinder_half_max_l2_error": 0.06101889908313751,
        "cylinder_half_min_l2_error": 0.04041918367147446,
        "cylinder_half_mean_l2_error": 0.0516984686255455,
        "cylinder_half_flipped_total_prediction_time": 0.5510289669036865,
        "cylinder_half_flipped_total_prediction_samples": 400,
        "cylinder_half_flipped_max_l2_error": 0.06447877734899521,
        "cylinder_half_flipped_min_l2_error": 0.0489676259458065,
        "cylinder_half_flipped_mean_l2_error": 0.05517295375466347
    }
}