{
    "counter": 0,
    "0": {
        "total_prediction_time": 4.006874322891235,
        "total_prediction_samples": 4000,
        "max_l2_error": 1.0,
        "min_l2_error": 0.020450707525014877,
        "mean_l2_error": 0.02717367187142372,
        "diamond_ar_1p25_total_prediction_time": 0.28875303268432617,
        "diamond_ar_1p25_total_prediction_samples": 400,
        "diamond_ar_1p25_max_l2_error": 0.03924652189016342,
        "diamond_ar_1p25_min_l2_error": 0.02689366415143013,
        "diamond_ar_1p25_mean_l2_error": 0.032644424587488174,
        "diamond_ar_1p5_total_prediction_time": 0.11184978485107422,
        "diamond_ar_1p5_total_prediction_samples": 400,
        "diamond_ar_1p5_max_l2_error": 0.03240065276622772,
        "diamond_ar_1p5_min_l2_error": 0.026070203632116318,
        "diamond_ar_1p5_mean_l2_error": 0.029206309467554092,
        "diamond_ar_1p66_total_prediction_time": 0.11190342903137207,
        "diamond_ar_1p66_total_prediction_samples": 400,
        "diamond_ar_1p66_max_l2_error": 0.029115965589880943,
        "diamond_ar_1p66_min_l2_error": 0.02551109902560711,
        "diamond_ar_1p66_mean_l2_error": 0.026712842285633087,
        "diamond_ar_2p0_total_prediction_time": 0.11180639266967773,
        "diamond_ar_2p0_total_prediction_samples": 400,
        "diamond_ar_2p0_max_l2_error": 0.024955004453659058,
        "diamond_ar_2p0_min_l2_error": 0.024934569373726845,
        "diamond_ar_2p0_mean_l2_error": 0.024944690987467766,
        "triangle_ar_1p25_total_prediction_time": 0.11145853996276855,
        "triangle_ar_1p25_total_prediction_samples": 400,
        "triangle_ar_1p25_max_l2_error": 0.06582223623991013,
        "triangle_ar_1p25_min_l2_error": 0.05040176957845688,
        "triangle_ar_1p25_mean_l2_error": 0.05844468995928764,
        "triangle_ar_1p5_total_prediction_time": 0.11175704002380371,
        "triangle_ar_1p5_total_prediction_samples": 400,
        "triangle_ar_1p5_max_l2_error": 0.08458080887794495,
        "triangle_ar_1p5_min_l2_error": 0.06446606665849686,
        "triangle_ar_1p5_mean_l2_error": 0.07508475333452225,
        "triangle_ar_1p66_total_prediction_time": 0.11206960678100586,
        "triangle_ar_1p66_total_prediction_samples": 400,
        "triangle_ar_1p66_max_l2_error": 0.09377702325582504,
        "triangle_ar_1p66_min_l2_error": 0.0754200667142868,
        "triangle_ar_1p66_mean_l2_error": 0.0829639881849289,
        "triangle_ar_2p0_total_prediction_time": 0.11220312118530273,
        "triangle_ar_2p0_total_prediction_samples": 400,
        "triangle_ar_2p0_max_l2_error": 0.0830531120300293,
        "triangle_ar_2p0_min_l2_error": 0.0827949196100235,
        "triangle_ar_2p0_mean_l2_error": 0.08291618525981903,
        "cylinder_half_total_prediction_time": 0.1118466854095459,
        "cylinder_half_total_prediction_samples": 400,
        "cylinder_half_max_l2_error": 0.058509711176157,
        "cylinder_half_min_l2_error": 0.03397863358259201,
        "cylinder_half_mean_l2_error": 0.04364117980003357,
        "cylinder_half_flipped_total_prediction_time": 0.11206555366516113,
        "cylinder_half_flipped_total_prediction_samples": 400,
        "cylinder_half_flipped_max_l2_error": 0.03328440338373184,
        "cylinder_half_flipped_min_l2_error": 0.02581828460097313,
        "cylinder_half_flipped_mean_l2_error": 0.02985098771750927
    }
}