{
    "counter": 0,
    "0": {
        "total_training_time": 924.2456409931183,
        "total_epochs": 339,
        "total_prediction_time": 1.833205223083496,
        "total_prediction_samples": 320,
        "max_l2_error": 0.26700979471206665,
        "min_l2_error": 0.09619471430778503,
        "mean_l2_error": 0.14336320757865906,
        "diamond_ar_1p25_total_prediction_time": 2.0130865573883057,
        "diamond_ar_1p25_total_prediction_samples": 400,
        "diamond_ar_1p25_max_l2_error": 0.9747809767723083,
        "diamond_ar_1p25_min_l2_error": 0.27922576665878296,
        "diamond_ar_1p25_mean_l2_error": 0.4534461200237274,
        "diamond_ar_1p5_total_prediction_time": 0.49705052375793457,
        "diamond_ar_1p5_total_prediction_samples": 400,
        "diamond_ar_1p5_max_l2_error": 1.291408658027649,
        "diamond_ar_1p5_min_l2_error": 0.5667794942855835,
        "diamond_ar_1p5_mean_l2_error": 0.7349079847335815,
        "diamond_ar_1p66_total_prediction_time": 0.503108024597168,
        "diamond_ar_1p66_total_prediction_samples": 400,
        "diamond_ar_1p66_max_l2_error": 1.3628199100494385,
        "diamond_ar_1p66_min_l2_error": 0.7567326426506042,
        "diamond_ar_1p66_mean_l2_error": 0.9668829441070557,
        "diamond_ar_2p0_total_prediction_time": 0.4946279525756836,
        "diamond_ar_2p0_total_prediction_samples": 400,
        "diamond_ar_2p0_max_l2_error": 0.9760839343070984,
        "diamond_ar_2p0_min_l2_error": 0.9760277271270752,
        "diamond_ar_2p0_mean_l2_error": 0.9760550856590271,
        "triangle_ar_1p25_total_prediction_time": 0.49527978897094727,
        "triangle_ar_1p25_total_prediction_samples": 400,
        "triangle_ar_1p25_max_l2_error": 1.2126225233078003,
        "triangle_ar_1p25_min_l2_error": 0.47988155484199524,
        "triangle_ar_1p25_mean_l2_error": 0.631064236164093,
        "triangle_ar_1p5_total_prediction_time": 0.5003845691680908,
        "triangle_ar_1p5_total_prediction_samples": 400,
        "triangle_ar_1p5_max_l2_error": 1.4087769985198975,
        "triangle_ar_1p5_min_l2_error": 0.600261390209198,
        "triangle_ar_1p5_mean_l2_error": 0.7811118960380554,
        "triangle_ar_1p66_total_prediction_time": 0.8941118717193604,
        "triangle_ar_1p66_total_prediction_samples": 400,
        "triangle_ar_1p66_max_l2_error": 1.590399146080017,
        "triangle_ar_1p66_min_l2_error": 0.7606246471405029,
        "triangle_ar_1p66_mean_l2_error": 0.9821011424064636,
        "triangle_ar_2p0_total_prediction_time": 0.5172138214111328,
        "triangle_ar_2p0_total_prediction_samples": 400,
        "triangle_ar_2p0_max_l2_error": 1.3169951438903809,
        "triangle_ar_2p0_min_l2_error": 1.2353966236114502,
        "triangle_ar_2p0_mean_l2_error": 1.2727066278457642,
        "cylinder_half_total_prediction_time": 0.5127453804016113,
        "cylinder_half_total_prediction_samples": 400,
        "cylinder_half_max_l2_error": 0.5033722519874573,
        "cylinder_half_min_l2_error": 0.2546505928039551,
        "cylinder_half_mean_l2_error": 0.3500559329986572,
        "cylinder_half_flipped_total_prediction_time": 0.5095922946929932,
        "cylinder_half_flipped_total_prediction_samples": 400,
        "cylinder_half_flipped_max_l2_error": 0.7299267649650574,
        "cylinder_half_flipped_min_l2_error": 0.3440343737602234,
        "cylinder_half_flipped_mean_l2_error": 0.5312456488609314
    }
}