{
    "counter": 0,
    "0": {
        "total_training_time": 253.97403240203857,
        "total_epochs": 589,
        "total_prediction_time": 1.6261634826660156,
        "total_prediction_samples": 320,
        "max_l2_error": 0.024584833532571793,
        "min_l2_error": 0.01570381596684456,
        "mean_l2_error": 0.02060692571103573,
        "diamond_ar_1p25_total_prediction_time": 1.8256995677947998,
        "diamond_ar_1p25_total_prediction_samples": 400,
        "diamond_ar_1p25_max_l2_error": 0.051018018275499344,
        "diamond_ar_1p25_min_l2_error": 0.032880641520023346,
        "diamond_ar_1p25_mean_l2_error": 0.04019686579704285,
        "diamond_ar_1p5_total_prediction_time": 0.3944380283355713,
        "diamond_ar_1p5_total_prediction_samples": 400,
        "diamond_ar_1p5_max_l2_error": 0.04564514756202698,
        "diamond_ar_1p5_min_l2_error": 0.040650758892297745,
        "diamond_ar_1p5_mean_l2_error": 0.042916469275951385,
        "diamond_ar_1p66_total_prediction_time": 0.3802802562713623,
        "diamond_ar_1p66_total_prediction_samples": 400,
        "diamond_ar_1p66_max_l2_error": 0.043595973402261734,
        "diamond_ar_1p66_min_l2_error": 0.040528781712055206,
        "diamond_ar_1p66_mean_l2_error": 0.042102206498384476,
        "diamond_ar_2p0_total_prediction_time": 0.3820197582244873,
        "diamond_ar_2p0_total_prediction_samples": 400,
        "diamond_ar_2p0_max_l2_error": 0.056917645037174225,
        "diamond_ar_2p0_min_l2_error": 0.056877799332141876,
        "diamond_ar_2p0_mean_l2_error": 0.05689498037099838,
        "triangle_ar_1p25_total_prediction_time": 0.3808863162994385,
        "triangle_ar_1p25_total_prediction_samples": 400,
        "triangle_ar_1p25_max_l2_error": 0.15076206624507904,
        "triangle_ar_1p25_min_l2_error": 0.09910887479782104,
        "triangle_ar_1p25_mean_l2_error": 0.12756121158599854,
        "triangle_ar_1p5_total_prediction_time": 0.4180107116699219,
        "triangle_ar_1p5_total_prediction_samples": 400,
        "triangle_ar_1p5_max_l2_error": 0.18212558329105377,
        "triangle_ar_1p5_min_l2_error": 0.14572478830814362,
        "triangle_ar_1p5_mean_l2_error": 0.16468994319438934,
        "triangle_ar_1p66_total_prediction_time": 0.40941452980041504,
        "triangle_ar_1p66_total_prediction_samples": 400,
        "triangle_ar_1p66_max_l2_error": 0.14641337096691132,
        "triangle_ar_1p66_min_l2_error": 0.1427358239889145,
        "triangle_ar_1p66_mean_l2_error": 0.1445276141166687,
        "triangle_ar_2p0_total_prediction_time": 0.39485907554626465,
        "triangle_ar_2p0_total_prediction_samples": 400,
        "triangle_ar_2p0_max_l2_error": 0.1173601746559143,
        "triangle_ar_2p0_min_l2_error": 0.11713020503520966,
        "triangle_ar_2p0_mean_l2_error": 0.11723034083843231,
        "cylinder_half_total_prediction_time": 0.39908599853515625,
        "cylinder_half_total_prediction_samples": 400,
        "cylinder_half_max_l2_error": 0.05464599281549454,
        "cylinder_half_min_l2_error": 0.03490326181054115,
        "cylinder_half_mean_l2_error": 0.045612841844558716,
        "cylinder_half_flipped_total_prediction_time": 0.38513708114624023,
        "cylinder_half_flipped_total_prediction_samples": 400,
        "cylinder_half_flipped_max_l2_error": 0.058794647455215454,
        "cylinder_half_flipped_min_l2_error": 0.03461795672774315,
        "cylinder_half_flipped_mean_l2_error": 0.04606227949261665
    }
}