{
    "counter": 0,
    "0": {
        "total_training_time": 3980.4886617660522,
        "total_epochs": 272,
        "total_prediction_time": 0.9374074935913086,
        "total_prediction_samples": 320,
        "max_l2_error": 0.059450145810842514,
        "min_l2_error": 0.03087589144706726,
        "mean_l2_error": 0.0369102843105793,
        "diamond_ar_1p25_total_prediction_time": 1.1010642051696777,
        "diamond_ar_1p25_total_prediction_samples": 400,
        "diamond_ar_1p25_max_l2_error": 0.30703550577163696,
        "diamond_ar_1p25_min_l2_error": 0.11996058374643326,
        "diamond_ar_1p25_mean_l2_error": 0.22553016245365143,
        "diamond_ar_1p5_total_prediction_time": 0.9066927433013916,
        "diamond_ar_1p5_total_prediction_samples": 400,
        "diamond_ar_1p5_max_l2_error": 0.4068659543991089,
        "diamond_ar_1p5_min_l2_error": 0.24189354479312897,
        "diamond_ar_1p5_mean_l2_error": 0.3330368399620056,
        "diamond_ar_1p66_total_prediction_time": 0.914686918258667,
        "diamond_ar_1p66_total_prediction_samples": 400,
        "diamond_ar_1p66_max_l2_error": 0.3878929018974304,
        "diamond_ar_1p66_min_l2_error": 0.32538577914237976,
        "diamond_ar_1p66_mean_l2_error": 0.35776421427726746,
        "diamond_ar_2p0_total_prediction_time": 0.9404895305633545,
        "diamond_ar_2p0_total_prediction_samples": 400,
        "diamond_ar_2p0_max_l2_error": 0.5139533877372742,
        "diamond_ar_2p0_min_l2_error": 0.5139452219009399,
        "diamond_ar_2p0_mean_l2_error": 0.5139487385749817,
        "triangle_ar_1p25_total_prediction_time": 0.9542579650878906,
        "triangle_ar_1p25_total_prediction_samples": 400,
        "triangle_ar_1p25_max_l2_error": 0.47055360674858093,
        "triangle_ar_1p25_min_l2_error": 0.2793310284614563,
        "triangle_ar_1p25_mean_l2_error": 0.38062217831611633,
        "triangle_ar_1p5_total_prediction_time": 0.9458601474761963,
        "triangle_ar_1p5_total_prediction_samples": 400,
        "triangle_ar_1p5_max_l2_error": 0.528006374835968,
        "triangle_ar_1p5_min_l2_error": 0.358388751745224,
        "triangle_ar_1p5_mean_l2_error": 0.45622578263282776,
        "triangle_ar_1p66_total_prediction_time": 0.9613466262817383,
        "triangle_ar_1p66_total_prediction_samples": 400,
        "triangle_ar_1p66_max_l2_error": 0.5119235515594482,
        "triangle_ar_1p66_min_l2_error": 0.426961749792099,
        "triangle_ar_1p66_mean_l2_error": 0.4720080494880676,
        "triangle_ar_2p0_total_prediction_time": 0.9253933429718018,
        "triangle_ar_2p0_total_prediction_samples": 400,
        "triangle_ar_2p0_max_l2_error": 0.6012645363807678,
        "triangle_ar_2p0_min_l2_error": 0.5993883013725281,
        "triangle_ar_2p0_mean_l2_error": 0.6000840067863464,
        "cylinder_half_total_prediction_time": 0.915996789932251,
        "cylinder_half_total_prediction_samples": 400,
        "cylinder_half_max_l2_error": 0.26033851504325867,
        "cylinder_half_min_l2_error": 0.11735015362501144,
        "cylinder_half_mean_l2_error": 0.17931222915649414,
        "cylinder_half_flipped_total_prediction_time": 0.9135158061981201,
        "cylinder_half_flipped_total_prediction_samples": 400,
        "cylinder_half_flipped_max_l2_error": 0.2966420352458954,
        "cylinder_half_flipped_min_l2_error": 0.13559654355049133,
        "cylinder_half_flipped_mean_l2_error": 0.2121209353208542
    }
}