{
    "counter": 1,
    "0": {
        "total_training_time": 4849.433381319046,
        "total_epochs": 328,
        "total_prediction_time": 2.689706325531006,
        "total_prediction_samples": 320,
        "max_l2_error": 0.015977347269654274,
        "min_l2_error": 0.012812376953661442,
        "mean_l2_error": 0.014250045642256737,
        "diamond_ar_1p25_total_prediction_time": 2.216519832611084,
        "diamond_ar_1p25_total_prediction_samples": 400,
        "diamond_ar_1p25_max_l2_error": 0.04040774703025818,
        "diamond_ar_1p25_min_l2_error": 0.02296515367925167,
        "diamond_ar_1p25_mean_l2_error": 0.02936622127890587,
        "diamond_ar_1p5_total_prediction_time": 0.9539024829864502,
        "diamond_ar_1p5_total_prediction_samples": 400,
        "diamond_ar_1p5_max_l2_error": 0.032139573246240616,
        "diamond_ar_1p5_min_l2_error": 0.024243447929620743,
        "diamond_ar_1p5_mean_l2_error": 0.028078021481633186,
        "diamond_ar_1p66_total_prediction_time": 0.9540307521820068,
        "diamond_ar_1p66_total_prediction_samples": 400,
        "diamond_ar_1p66_max_l2_error": 0.035130057483911514,
        "diamond_ar_1p66_min_l2_error": 0.02744254656136036,
        "diamond_ar_1p66_mean_l2_error": 0.031079350039362907,
        "diamond_ar_2p0_total_prediction_time": 0.9520106315612793,
        "diamond_ar_2p0_total_prediction_samples": 400,
        "diamond_ar_2p0_max_l2_error": 0.03949110582470894,
        "diamond_ar_2p0_min_l2_error": 0.03948945924639702,
        "diamond_ar_2p0_mean_l2_error": 0.03949032723903656,
        "triangle_ar_1p25_total_prediction_time": 0.9470846652984619,
        "triangle_ar_1p25_total_prediction_samples": 400,
        "triangle_ar_1p25_max_l2_error": 0.128543883562088,
        "triangle_ar_1p25_min_l2_error": 0.07608501613140106,
        "triangle_ar_1p25_mean_l2_error": 0.10489004105329514,
        "triangle_ar_1p5_total_prediction_time": 0.9505784511566162,
        "triangle_ar_1p5_total_prediction_samples": 400,
        "triangle_ar_1p5_max_l2_error": 0.17391015589237213,
        "triangle_ar_1p5_min_l2_error": 0.10994352400302887,
        "triangle_ar_1p5_mean_l2_error": 0.14453208446502686,
        "triangle_ar_1p66_total_prediction_time": 0.9640851020812988,
        "triangle_ar_1p66_total_prediction_samples": 400,
        "triangle_ar_1p66_max_l2_error": 0.1245632916688919,
        "triangle_ar_1p66_min_l2_error": 0.10864372551441193,
        "triangle_ar_1p66_mean_l2_error": 0.1169467642903328,
        "triangle_ar_2p0_total_prediction_time": 0.9464559555053711,
        "triangle_ar_2p0_total_prediction_samples": 400,
        "triangle_ar_2p0_max_l2_error": 0.10007349401712418,
        "triangle_ar_2p0_min_l2_error": 0.09999494254589081,
        "triangle_ar_2p0_mean_l2_error": 0.10002977401018143,
        "cylinder_half_total_prediction_time": 0.9427261352539062,
        "cylinder_half_total_prediction_samples": 400,
        "cylinder_half_max_l2_error": 0.05333733558654785,
        "cylinder_half_min_l2_error": 0.029080774635076523,
        "cylinder_half_mean_l2_error": 0.04000861942768097,
        "cylinder_half_flipped_total_prediction_time": 0.9688127040863037,
        "cylinder_half_flipped_total_prediction_samples": 400,
        "cylinder_half_flipped_max_l2_error": 0.054839927703142166,
        "cylinder_half_flipped_min_l2_error": 0.0282885804772377,
        "cylinder_half_flipped_mean_l2_error": 0.041325923055410385
    },
    "1": {
        "total_training_time": 4378.258433580399,
        "total_epochs": 297,
        "total_prediction_time": 2.7514021396636963,
        "total_prediction_samples": 320,
        "max_l2_error": 0.018836723640561104,
        "min_l2_error": 0.014333377592265606,
        "mean_l2_error": 0.016342081129550934,
        "diamond_ar_1p25_total_prediction_time": 2.1863787174224854,
        "diamond_ar_1p25_total_prediction_samples": 400,
        "diamond_ar_1p25_max_l2_error": 0.04569651931524277,
        "diamond_ar_1p25_min_l2_error": 0.02646295353770256,
        "diamond_ar_1p25_mean_l2_error": 0.03340506926178932,
        "diamond_ar_1p5_total_prediction_time": 0.9071249961853027,
        "diamond_ar_1p5_total_prediction_samples": 400,
        "diamond_ar_1p5_max_l2_error": 0.034916169941425323,
        "diamond_ar_1p5_min_l2_error": 0.027535386383533478,
        "diamond_ar_1p5_mean_l2_error": 0.030230803415179253,
        "diamond_ar_1p66_total_prediction_time": 0.960784912109375,
        "diamond_ar_1p66_total_prediction_samples": 400,
        "diamond_ar_1p66_max_l2_error": 0.0317346528172493,
        "diamond_ar_1p66_min_l2_error": 0.028151292353868484,
        "diamond_ar_1p66_mean_l2_error": 0.030107861384749413,
        "diamond_ar_2p0_total_prediction_time": 0.9547367095947266,
        "diamond_ar_2p0_total_prediction_samples": 400,
        "diamond_ar_2p0_max_l2_error": 0.0364704467356205,
        "diamond_ar_2p0_min_l2_error": 0.036468181759119034,
        "diamond_ar_2p0_mean_l2_error": 0.0364692248404026,
        "triangle_ar_1p25_total_prediction_time": 0.9721500873565674,
        "triangle_ar_1p25_total_prediction_samples": 400,
        "triangle_ar_1p25_max_l2_error": 0.1224365234375,
        "triangle_ar_1p25_min_l2_error": 0.07823742926120758,
        "triangle_ar_1p25_mean_l2_error": 0.10297050327062607,
        "triangle_ar_1p5_total_prediction_time": 0.9422316551208496,
        "triangle_ar_1p5_total_prediction_samples": 400,
        "triangle_ar_1p5_max_l2_error": 0.18117691576480865,
        "triangle_ar_1p5_min_l2_error": 0.12540706992149353,
        "triangle_ar_1p5_mean_l2_error": 0.15219788253307343,
        "triangle_ar_1p66_total_prediction_time": 0.9780457019805908,
        "triangle_ar_1p66_total_prediction_samples": 400,
        "triangle_ar_1p66_max_l2_error": 0.12888698279857635,
        "triangle_ar_1p66_min_l2_error": 0.1070064827799797,
        "triangle_ar_1p66_mean_l2_error": 0.11744830012321472,
        "triangle_ar_2p0_total_prediction_time": 0.9729712009429932,
        "triangle_ar_2p0_total_prediction_samples": 400,
        "triangle_ar_2p0_max_l2_error": 0.07797125726938248,
        "triangle_ar_2p0_min_l2_error": 0.07766412943601608,
        "triangle_ar_2p0_mean_l2_error": 0.0778258815407753,
        "cylinder_half_total_prediction_time": 0.97025465965271,
        "cylinder_half_total_prediction_samples": 400,
        "cylinder_half_max_l2_error": 0.05621348321437836,
        "cylinder_half_min_l2_error": 0.03204866498708725,
        "cylinder_half_mean_l2_error": 0.04036567732691765,
        "cylinder_half_flipped_total_prediction_time": 0.9246766567230225,
        "cylinder_half_flipped_total_prediction_samples": 400,
        "cylinder_half_flipped_max_l2_error": 0.056328728795051575,
        "cylinder_half_flipped_min_l2_error": 0.030662426725029945,
        "cylinder_half_flipped_mean_l2_error": 0.04016173258423805
    }
}