{
    "counter": 0,
    "0": {
        "total_training_time": 223.92327046394348,
        "total_epochs": 521,
        "total_prediction_time": 1.7703096866607666,
        "total_prediction_samples": 320,
        "max_l2_error": 0.16182824969291687,
        "min_l2_error": 0.0706196054816246,
        "mean_l2_error": 0.10270695388317108,
        "diamond_ar_1p25_total_prediction_time": 1.9453966617584229,
        "diamond_ar_1p25_total_prediction_samples": 400,
        "diamond_ar_1p25_max_l2_error": 0.09945613145828247,
        "diamond_ar_1p25_min_l2_error": 0.07465308904647827,
        "diamond_ar_1p25_mean_l2_error": 0.0861320048570633,
        "diamond_ar_1p5_total_prediction_time": 0.39011359214782715,
        "diamond_ar_1p5_total_prediction_samples": 400,
        "diamond_ar_1p5_max_l2_error": 0.08539237827062607,
        "diamond_ar_1p5_min_l2_error": 0.07584142684936523,
        "diamond_ar_1p5_mean_l2_error": 0.0818154364824295,
        "diamond_ar_1p66_total_prediction_time": 0.4029195308685303,
        "diamond_ar_1p66_total_prediction_samples": 400,
        "diamond_ar_1p66_max_l2_error": 0.08603338152170181,
        "diamond_ar_1p66_min_l2_error": 0.07920229434967041,
        "diamond_ar_1p66_mean_l2_error": 0.08215875923633575,
        "diamond_ar_2p0_total_prediction_time": 0.39795589447021484,
        "diamond_ar_2p0_total_prediction_samples": 400,
        "diamond_ar_2p0_max_l2_error": 0.09923253208398819,
        "diamond_ar_2p0_min_l2_error": 0.09922466427087784,
        "diamond_ar_2p0_mean_l2_error": 0.09922834485769272,
        "triangle_ar_1p25_total_prediction_time": 0.39603090286254883,
        "triangle_ar_1p25_total_prediction_samples": 400,
        "triangle_ar_1p25_max_l2_error": 0.15171565115451813,
        "triangle_ar_1p25_min_l2_error": 0.12551262974739075,
        "triangle_ar_1p25_mean_l2_error": 0.1370837539434433,
        "triangle_ar_1p5_total_prediction_time": 0.3888115882873535,
        "triangle_ar_1p5_total_prediction_samples": 400,
        "triangle_ar_1p5_max_l2_error": 0.19377070665359497,
        "triangle_ar_1p5_min_l2_error": 0.15832224488258362,
        "triangle_ar_1p5_mean_l2_error": 0.1755799800157547,
        "triangle_ar_1p66_total_prediction_time": 0.3988361358642578,
        "triangle_ar_1p66_total_prediction_samples": 400,
        "triangle_ar_1p66_max_l2_error": 0.16727954149246216,
        "triangle_ar_1p66_min_l2_error": 0.15657860040664673,
        "triangle_ar_1p66_mean_l2_error": 0.16120533645153046,
        "triangle_ar_2p0_total_prediction_time": 0.39474058151245117,
        "triangle_ar_2p0_total_prediction_samples": 400,
        "triangle_ar_2p0_max_l2_error": 0.1468271017074585,
        "triangle_ar_2p0_min_l2_error": 0.14675158262252808,
        "triangle_ar_2p0_mean_l2_error": 0.14680492877960205,
        "cylinder_half_total_prediction_time": 0.3880624771118164,
        "cylinder_half_total_prediction_samples": 400,
        "cylinder_half_max_l2_error": 0.1312740445137024,
        "cylinder_half_min_l2_error": 0.09809563308954239,
        "cylinder_half_mean_l2_error": 0.11544841527938843,
        "cylinder_half_flipped_total_prediction_time": 0.3810124397277832,
        "cylinder_half_flipped_total_prediction_samples": 400,
        "cylinder_half_flipped_max_l2_error": 0.09930139034986496,
        "cylinder_half_flipped_min_l2_error": 0.08204246312379837,
        "cylinder_half_flipped_mean_l2_error": 0.08905011415481567
    }
}