{
    "counter": 0,
    "0": {
        "total_training_time": 523.2120232582092,
        "total_epochs": 360,
        "total_prediction_time": 2.1218209266662598,
        "total_prediction_samples": 4000,
        "max_l2_error": 1.0,
        "min_l2_error": 0.042756106704473495,
        "mean_l2_error": 0.07822410762310028,
        "diamond_ar_1p25_total_prediction_time": 1.9782264232635498,
        "diamond_ar_1p25_total_prediction_samples": 400,
        "diamond_ar_1p25_max_l2_error": 0.40794140100479126,
        "diamond_ar_1p25_min_l2_error": 0.20367608964443207,
        "diamond_ar_1p25_mean_l2_error": 0.31719735264778137,
        "diamond_ar_1p5_total_prediction_time": 0.43410515785217285,
        "diamond_ar_1p5_total_prediction_samples": 400,
        "diamond_ar_1p5_max_l2_error": 0.30689477920532227,
        "diamond_ar_1p5_min_l2_error": 0.1872282475233078,
        "diamond_ar_1p5_mean_l2_error": 0.24732914566993713,
        "diamond_ar_1p66_total_prediction_time": 0.4502072334289551,
        "diamond_ar_1p66_total_prediction_samples": 400,
        "diamond_ar_1p66_max_l2_error": 0.11618248373270035,
        "diamond_ar_1p66_min_l2_error": 0.08997011929750443,
        "diamond_ar_1p66_mean_l2_error": 0.10089744627475739,
        "diamond_ar_2p0_total_prediction_time": 0.44529294967651367,
        "diamond_ar_2p0_total_prediction_samples": 400,
        "diamond_ar_2p0_max_l2_error": 0.06048942357301712,
        "diamond_ar_2p0_min_l2_error": 0.06044524908065796,
        "diamond_ar_2p0_mean_l2_error": 0.06047328934073448,
        "triangle_ar_1p25_total_prediction_time": 0.4367713928222656,
        "triangle_ar_1p25_total_prediction_samples": 400,
        "triangle_ar_1p25_max_l2_error": 0.24426162242889404,
        "triangle_ar_1p25_min_l2_error": 0.16303694248199463,
        "triangle_ar_1p25_mean_l2_error": 0.20369549095630646,
        "triangle_ar_1p5_total_prediction_time": 0.4481034278869629,
        "triangle_ar_1p5_total_prediction_samples": 400,
        "triangle_ar_1p5_max_l2_error": 0.3905888497829437,
        "triangle_ar_1p5_min_l2_error": 0.24051490426063538,
        "triangle_ar_1p5_mean_l2_error": 0.314433753490448,
        "triangle_ar_1p66_total_prediction_time": 0.43891024589538574,
        "triangle_ar_1p66_total_prediction_samples": 400,
        "triangle_ar_1p66_max_l2_error": 0.18177880346775055,
        "triangle_ar_1p66_min_l2_error": 0.14963306486606598,
        "triangle_ar_1p66_mean_l2_error": 0.1682111769914627,
        "triangle_ar_2p0_total_prediction_time": 0.434704065322876,
        "triangle_ar_2p0_total_prediction_samples": 400,
        "triangle_ar_2p0_max_l2_error": 0.17178377509117126,
        "triangle_ar_2p0_min_l2_error": 0.16857223212718964,
        "triangle_ar_2p0_mean_l2_error": 0.1702018678188324,
        "cylinder_half_total_prediction_time": 0.44071221351623535,
        "cylinder_half_total_prediction_samples": 400,
        "cylinder_half_max_l2_error": 0.2716341018676758,
        "cylinder_half_min_l2_error": 0.1268126666545868,
        "cylinder_half_mean_l2_error": 0.19217483699321747,
        "cylinder_half_flipped_total_prediction_time": 0.4430720806121826,
        "cylinder_half_flipped_total_prediction_samples": 400,
        "cylinder_half_flipped_max_l2_error": 0.16274847090244293,
        "cylinder_half_flipped_min_l2_error": 0.09648772329092026,
        "cylinder_half_flipped_mean_l2_error": 0.12944859266281128
    }
}