{
    "counter": 0,
    "0": {
        "total_training_time": 2212.4468009471893,
        "total_epochs": 260,
        "total_prediction_time": 3.24312424659729,
        "total_prediction_samples": 320,
        "max_l2_error": 0.014991304837167263,
        "min_l2_error": 0.011801493354141712,
        "mean_l2_error": 0.013579639606177807,
        "diamond_ar_1p25_total_prediction_time": 2.9972751140594482,
        "diamond_ar_1p25_total_prediction_samples": 400,
        "diamond_ar_1p25_max_l2_error": 0.032415829598903656,
        "diamond_ar_1p25_min_l2_error": 0.022603845223784447,
        "diamond_ar_1p25_mean_l2_error": 0.026848291978240013,
        "diamond_ar_1p5_total_prediction_time": 0.7937524318695068,
        "diamond_ar_1p5_total_prediction_samples": 400,
        "diamond_ar_1p5_max_l2_error": 0.031805846840143204,
        "diamond_ar_1p5_min_l2_error": 0.02243047207593918,
        "diamond_ar_1p5_mean_l2_error": 0.027795014902949333,
        "diamond_ar_1p66_total_prediction_time": 0.7900958061218262,
        "diamond_ar_1p66_total_prediction_samples": 400,
        "diamond_ar_1p66_max_l2_error": 0.030325179919600487,
        "diamond_ar_1p66_min_l2_error": 0.025157220661640167,
        "diamond_ar_1p66_mean_l2_error": 0.02797805704176426,
        "diamond_ar_2p0_total_prediction_time": 0.7979366779327393,
        "diamond_ar_2p0_total_prediction_samples": 400,
        "diamond_ar_2p0_max_l2_error": 0.03248479962348938,
        "diamond_ar_2p0_min_l2_error": 0.03248277306556702,
        "diamond_ar_2p0_mean_l2_error": 0.03248383104801178,
        "triangle_ar_1p25_total_prediction_time": 0.7933111190795898,
        "triangle_ar_1p25_total_prediction_samples": 400,
        "triangle_ar_1p25_max_l2_error": 0.12261262536048889,
        "triangle_ar_1p25_min_l2_error": 0.0786091685295105,
        "triangle_ar_1p25_mean_l2_error": 0.10109687596559525,
        "triangle_ar_1p5_total_prediction_time": 0.7805378437042236,
        "triangle_ar_1p5_total_prediction_samples": 400,
        "triangle_ar_1p5_max_l2_error": 0.16008906066417694,
        "triangle_ar_1p5_min_l2_error": 0.11852239817380905,
        "triangle_ar_1p5_mean_l2_error": 0.14096622169017792,
        "triangle_ar_1p66_total_prediction_time": 0.7882959842681885,
        "triangle_ar_1p66_total_prediction_samples": 400,
        "triangle_ar_1p66_max_l2_error": 0.11385268718004227,
        "triangle_ar_1p66_min_l2_error": 0.10262765735387802,
        "triangle_ar_1p66_mean_l2_error": 0.10797340422868729,
        "triangle_ar_2p0_total_prediction_time": 0.7758500576019287,
        "triangle_ar_2p0_total_prediction_samples": 400,
        "triangle_ar_2p0_max_l2_error": 0.07399825751781464,
        "triangle_ar_2p0_min_l2_error": 0.07379744946956635,
        "triangle_ar_2p0_mean_l2_error": 0.07390037178993225,
        "cylinder_half_total_prediction_time": 0.757760763168335,
        "cylinder_half_total_prediction_samples": 400,
        "cylinder_half_max_l2_error": 0.03941051661968231,
        "cylinder_half_min_l2_error": 0.026746494695544243,
        "cylinder_half_mean_l2_error": 0.03377218171954155,
        "cylinder_half_flipped_total_prediction_time": 0.7872614860534668,
        "cylinder_half_flipped_total_prediction_samples": 400,
        "cylinder_half_flipped_max_l2_error": 0.05671081319451332,
        "cylinder_half_flipped_min_l2_error": 0.030390674248337746,
        "cylinder_half_flipped_mean_l2_error": 0.04034184291958809
    }
}