{
    "counter": 0,
    "0": {
        "total_training_time": 642.5915460586548,
        "total_epochs": 230,
        "total_prediction_time": 2.380549669265747,
        "total_prediction_samples": 320,
        "max_l2_error": 0.016262654215097427,
        "min_l2_error": 0.012806753627955914,
        "mean_l2_error": 0.014387674629688263,
        "diamond_ar_1p25_total_prediction_time": 2.3840243816375732,
        "diamond_ar_1p25_total_prediction_samples": 400,
        "diamond_ar_1p25_max_l2_error": 0.04599490761756897,
        "diamond_ar_1p25_min_l2_error": 0.022501831874251366,
        "diamond_ar_1p25_mean_l2_error": 0.030712705105543137,
        "diamond_ar_1p5_total_prediction_time": 0.5008351802825928,
        "diamond_ar_1p5_total_prediction_samples": 400,
        "diamond_ar_1p5_max_l2_error": 0.033018432557582855,
        "diamond_ar_1p5_min_l2_error": 0.025500616058707237,
        "diamond_ar_1p5_mean_l2_error": 0.029065990820527077,
        "diamond_ar_1p66_total_prediction_time": 0.5023796558380127,
        "diamond_ar_1p66_total_prediction_samples": 400,
        "diamond_ar_1p66_max_l2_error": 0.03371790796518326,
        "diamond_ar_1p66_min_l2_error": 0.027241727337241173,
        "diamond_ar_1p66_mean_l2_error": 0.030428247526288033,
        "diamond_ar_2p0_total_prediction_time": 0.5013313293457031,
        "diamond_ar_2p0_total_prediction_samples": 400,
        "diamond_ar_2p0_max_l2_error": 0.04027923196554184,
        "diamond_ar_2p0_min_l2_error": 0.04027794674038887,
        "diamond_ar_2p0_mean_l2_error": 0.04027855023741722,
        "triangle_ar_1p25_total_prediction_time": 0.5072026252746582,
        "triangle_ar_1p25_total_prediction_samples": 400,
        "triangle_ar_1p25_max_l2_error": 0.1312239021062851,
        "triangle_ar_1p25_min_l2_error": 0.0873318761587143,
        "triangle_ar_1p25_mean_l2_error": 0.10575072467327118,
        "triangle_ar_1p5_total_prediction_time": 0.5015788078308105,
        "triangle_ar_1p5_total_prediction_samples": 400,
        "triangle_ar_1p5_max_l2_error": 0.17578300833702087,
        "triangle_ar_1p5_min_l2_error": 0.11399976164102554,
        "triangle_ar_1p5_mean_l2_error": 0.1494935303926468,
        "triangle_ar_1p66_total_prediction_time": 0.49939489364624023,
        "triangle_ar_1p66_total_prediction_samples": 400,
        "triangle_ar_1p66_max_l2_error": 0.12653197348117828,
        "triangle_ar_1p66_min_l2_error": 0.10871163755655289,
        "triangle_ar_1p66_mean_l2_error": 0.11803498864173889,
        "triangle_ar_2p0_total_prediction_time": 0.49831247329711914,
        "triangle_ar_2p0_total_prediction_samples": 400,
        "triangle_ar_2p0_max_l2_error": 0.09594318270683289,
        "triangle_ar_2p0_min_l2_error": 0.0958653911948204,
        "triangle_ar_2p0_mean_l2_error": 0.09589792042970657,
        "cylinder_half_total_prediction_time": 0.5012435913085938,
        "cylinder_half_total_prediction_samples": 400,
        "cylinder_half_max_l2_error": 0.055926401168107986,
        "cylinder_half_min_l2_error": 0.03080650418996811,
        "cylinder_half_mean_l2_error": 0.03980949521064758,
        "cylinder_half_flipped_total_prediction_time": 0.4987015724182129,
        "cylinder_half_flipped_total_prediction_samples": 400,
        "cylinder_half_flipped_max_l2_error": 0.0612957738339901,
        "cylinder_half_flipped_min_l2_error": 0.028264351189136505,
        "cylinder_half_flipped_mean_l2_error": 0.04166046530008316
    }
}