{
    "counter": 0,
    "0": {
        "total_training_time": 518.092157125473,
        "total_epochs": 286,
        "total_prediction_time": 2.30648136138916,
        "total_prediction_samples": 320,
        "max_l2_error": 0.055029384791851044,
        "min_l2_error": 0.0369194895029068,
        "mean_l2_error": 0.04353773221373558,
        "diamond_ar_1p25_total_prediction_time": 2.507328748703003,
        "diamond_ar_1p25_total_prediction_samples": 400,
        "diamond_ar_1p25_max_l2_error": 0.2695384621620178,
        "diamond_ar_1p25_min_l2_error": 0.13817055523395538,
        "diamond_ar_1p25_mean_l2_error": 0.20604686439037323,
        "diamond_ar_1p5_total_prediction_time": 0.5413529872894287,
        "diamond_ar_1p5_total_prediction_samples": 400,
        "diamond_ar_1p5_max_l2_error": 0.3642456829547882,
        "diamond_ar_1p5_min_l2_error": 0.262963205575943,
        "diamond_ar_1p5_mean_l2_error": 0.32251179218292236,
        "diamond_ar_1p66_total_prediction_time": 0.54892897605896,
        "diamond_ar_1p66_total_prediction_samples": 400,
        "diamond_ar_1p66_max_l2_error": 0.375740647315979,
        "diamond_ar_1p66_min_l2_error": 0.3358989655971527,
        "diamond_ar_1p66_mean_l2_error": 0.35676926374435425,
        "diamond_ar_2p0_total_prediction_time": 0.5611789226531982,
        "diamond_ar_2p0_total_prediction_samples": 400,
        "diamond_ar_2p0_max_l2_error": 0.46569955348968506,
        "diamond_ar_2p0_min_l2_error": 0.4656950533390045,
        "diamond_ar_2p0_mean_l2_error": 0.46569693088531494,
        "triangle_ar_1p25_total_prediction_time": 0.5656509399414062,
        "triangle_ar_1p25_total_prediction_samples": 400,
        "triangle_ar_1p25_max_l2_error": 0.4286307394504547,
        "triangle_ar_1p25_min_l2_error": 0.26998957991600037,
        "triangle_ar_1p25_mean_l2_error": 0.34620124101638794,
        "triangle_ar_1p5_total_prediction_time": 0.547724723815918,
        "triangle_ar_1p5_total_prediction_samples": 400,
        "triangle_ar_1p5_max_l2_error": 0.5218562483787537,
        "triangle_ar_1p5_min_l2_error": 0.36777716875076294,
        "triangle_ar_1p5_mean_l2_error": 0.4507211744785309,
        "triangle_ar_1p66_total_prediction_time": 0.5480976104736328,
        "triangle_ar_1p66_total_prediction_samples": 400,
        "triangle_ar_1p66_max_l2_error": 0.49739131331443787,
        "triangle_ar_1p66_min_l2_error": 0.430434912443161,
        "triangle_ar_1p66_mean_l2_error": 0.4683353304862976,
        "triangle_ar_2p0_total_prediction_time": 0.5486035346984863,
        "triangle_ar_2p0_total_prediction_samples": 400,
        "triangle_ar_2p0_max_l2_error": 0.5678172707557678,
        "triangle_ar_2p0_min_l2_error": 0.5663816928863525,
        "triangle_ar_2p0_mean_l2_error": 0.5669564604759216,
        "cylinder_half_total_prediction_time": 0.5652649402618408,
        "cylinder_half_total_prediction_samples": 400,
        "cylinder_half_max_l2_error": 0.21108770370483398,
        "cylinder_half_min_l2_error": 0.12479612976312637,
        "cylinder_half_mean_l2_error": 0.16928081214427948,
        "cylinder_half_flipped_total_prediction_time": 0.5516369342803955,
        "cylinder_half_flipped_total_prediction_samples": 400,
        "cylinder_half_flipped_max_l2_error": 0.31029635667800903,
        "cylinder_half_flipped_min_l2_error": 0.1343652904033661,
        "cylinder_half_flipped_mean_l2_error": 0.22045838832855225
    }
}