{
    "counter": 0,
    "0": {
        "total_training_time": 192.0878279209137,
        "total_epochs": 280,
        "total_prediction_time": 1.6790039539337158,
        "total_prediction_samples": 320,
        "max_l2_error": 0.022255029529333115,
        "min_l2_error": 0.013466168195009232,
        "mean_l2_error": 0.016710834577679634,
        "diamond_ar_1p25_total_prediction_time": 2.1649484634399414,
        "diamond_ar_1p25_total_prediction_samples": 400,
        "diamond_ar_1p25_max_l2_error": 0.051096316426992416,
        "diamond_ar_1p25_min_l2_error": 0.03504800423979759,
        "diamond_ar_1p25_mean_l2_error": 0.044966649264097214,
        "diamond_ar_1p5_total_prediction_time": 0.44887661933898926,
        "diamond_ar_1p5_total_prediction_samples": 400,
        "diamond_ar_1p5_max_l2_error": 0.060063332319259644,
        "diamond_ar_1p5_min_l2_error": 0.03447583317756653,
        "diamond_ar_1p5_mean_l2_error": 0.04705839976668358,
        "diamond_ar_1p66_total_prediction_time": 0.4465920925140381,
        "diamond_ar_1p66_total_prediction_samples": 400,
        "diamond_ar_1p66_max_l2_error": 0.05149400606751442,
        "diamond_ar_1p66_min_l2_error": 0.035359010100364685,
        "diamond_ar_1p66_mean_l2_error": 0.043059129267930984,
        "diamond_ar_2p0_total_prediction_time": 0.4506361484527588,
        "diamond_ar_2p0_total_prediction_samples": 400,
        "diamond_ar_2p0_max_l2_error": 0.06319164484739304,
        "diamond_ar_2p0_min_l2_error": 0.06314335763454437,
        "diamond_ar_2p0_mean_l2_error": 0.06316422671079636,
        "triangle_ar_1p25_total_prediction_time": 0.4489152431488037,
        "triangle_ar_1p25_total_prediction_samples": 400,
        "triangle_ar_1p25_max_l2_error": 0.1618265062570572,
        "triangle_ar_1p25_min_l2_error": 0.10620159655809402,
        "triangle_ar_1p25_mean_l2_error": 0.1358354687690735,
        "triangle_ar_1p5_total_prediction_time": 0.44428086280822754,
        "triangle_ar_1p5_total_prediction_samples": 400,
        "triangle_ar_1p5_max_l2_error": 0.18140222132205963,
        "triangle_ar_1p5_min_l2_error": 0.13047635555267334,
        "triangle_ar_1p5_mean_l2_error": 0.15922518074512482,
        "triangle_ar_1p66_total_prediction_time": 0.6754117012023926,
        "triangle_ar_1p66_total_prediction_samples": 400,
        "triangle_ar_1p66_max_l2_error": 0.14571276307106018,
        "triangle_ar_1p66_min_l2_error": 0.12020208686590195,
        "triangle_ar_1p66_mean_l2_error": 0.13295336067676544,
        "triangle_ar_2p0_total_prediction_time": 0.4486997127532959,
        "triangle_ar_2p0_total_prediction_samples": 400,
        "triangle_ar_2p0_max_l2_error": 0.12585541605949402,
        "triangle_ar_2p0_min_l2_error": 0.12555305659770966,
        "triangle_ar_2p0_mean_l2_error": 0.12571410834789276,
        "cylinder_half_total_prediction_time": 0.44531965255737305,
        "cylinder_half_total_prediction_samples": 400,
        "cylinder_half_max_l2_error": 0.05767389014363289,
        "cylinder_half_min_l2_error": 0.036412563174963,
        "cylinder_half_mean_l2_error": 0.04716694727540016,
        "cylinder_half_flipped_total_prediction_time": 0.43959474563598633,
        "cylinder_half_flipped_total_prediction_samples": 400,
        "cylinder_half_flipped_max_l2_error": 0.058350611478090286,
        "cylinder_half_flipped_min_l2_error": 0.039514683187007904,
        "cylinder_half_flipped_mean_l2_error": 0.04919728264212608
    }
}