{
    "counter": 0,
    "0": {
        "total_training_time": 977.2409167289734,
        "total_epochs": 350,
        "total_prediction_time": 2.8953545093536377,
        "total_prediction_samples": 320,
        "max_l2_error": 0.06209641695022583,
        "min_l2_error": 0.0396353080868721,
        "mean_l2_error": 0.04750818759202957,
        "diamond_ar_1p25_total_prediction_time": 3.145158290863037,
        "diamond_ar_1p25_total_prediction_samples": 400,
        "diamond_ar_1p25_max_l2_error": 0.2892431318759918,
        "diamond_ar_1p25_min_l2_error": 0.13335850834846497,
        "diamond_ar_1p25_mean_l2_error": 0.2107975333929062,
        "diamond_ar_1p5_total_prediction_time": 0.8080015182495117,
        "diamond_ar_1p5_total_prediction_samples": 400,
        "diamond_ar_1p5_max_l2_error": 0.38269859552383423,
        "diamond_ar_1p5_min_l2_error": 0.25759264826774597,
        "diamond_ar_1p5_mean_l2_error": 0.31857579946517944,
        "diamond_ar_1p66_total_prediction_time": 0.8344335556030273,
        "diamond_ar_1p66_total_prediction_samples": 400,
        "diamond_ar_1p66_max_l2_error": 0.37806785106658936,
        "diamond_ar_1p66_min_l2_error": 0.33628496527671814,
        "diamond_ar_1p66_mean_l2_error": 0.35825034976005554,
        "diamond_ar_2p0_total_prediction_time": 0.8114681243896484,
        "diamond_ar_2p0_total_prediction_samples": 400,
        "diamond_ar_2p0_max_l2_error": 0.43358585238456726,
        "diamond_ar_2p0_min_l2_error": 0.43357789516448975,
        "diamond_ar_2p0_mean_l2_error": 0.4335818886756897,
        "triangle_ar_1p25_total_prediction_time": 0.848822832107544,
        "triangle_ar_1p25_total_prediction_samples": 400,
        "triangle_ar_1p25_max_l2_error": 0.45175012946128845,
        "triangle_ar_1p25_min_l2_error": 0.2913748025894165,
        "triangle_ar_1p25_mean_l2_error": 0.3599897623062134,
        "triangle_ar_1p5_total_prediction_time": 0.7866137027740479,
        "triangle_ar_1p5_total_prediction_samples": 400,
        "triangle_ar_1p5_max_l2_error": 0.5233868956565857,
        "triangle_ar_1p5_min_l2_error": 0.3621126115322113,
        "triangle_ar_1p5_mean_l2_error": 0.43085169792175293,
        "triangle_ar_1p66_total_prediction_time": 0.7991244792938232,
        "triangle_ar_1p66_total_prediction_samples": 400,
        "triangle_ar_1p66_max_l2_error": 0.4768863916397095,
        "triangle_ar_1p66_min_l2_error": 0.40396273136138916,
        "triangle_ar_1p66_mean_l2_error": 0.4405040442943573,
        "triangle_ar_2p0_total_prediction_time": 0.7962477207183838,
        "triangle_ar_2p0_total_prediction_samples": 400,
        "triangle_ar_2p0_max_l2_error": 0.5010571479797363,
        "triangle_ar_2p0_min_l2_error": 0.5005371570587158,
        "triangle_ar_2p0_mean_l2_error": 0.5007253289222717,
        "cylinder_half_total_prediction_time": 0.7898797988891602,
        "cylinder_half_total_prediction_samples": 400,
        "cylinder_half_max_l2_error": 0.22357819974422455,
        "cylinder_half_min_l2_error": 0.10972169041633606,
        "cylinder_half_mean_l2_error": 0.1691625416278839,
        "cylinder_half_flipped_total_prediction_time": 0.8184378147125244,
        "cylinder_half_flipped_total_prediction_samples": 400,
        "cylinder_half_flipped_max_l2_error": 0.3330641984939575,
        "cylinder_half_flipped_min_l2_error": 0.13846543431282043,
        "cylinder_half_flipped_mean_l2_error": 0.20756612718105316
    }
}