{
    "counter": 0,
    "0": {
        "total_training_time": 5304.550866127014,
        "total_epochs": 362,
        "total_prediction_time": 0.9109559059143066,
        "total_prediction_samples": 320,
        "max_l2_error": 0.28019842505455017,
        "min_l2_error": 0.08826974779367447,
        "mean_l2_error": 0.1341409534215927,
        "diamond_ar_1p25_total_prediction_time": 1.010502576828003,
        "diamond_ar_1p25_total_prediction_samples": 400,
        "diamond_ar_1p25_max_l2_error": 0.7019614577293396,
        "diamond_ar_1p25_min_l2_error": 0.2890908122062683,
        "diamond_ar_1p25_mean_l2_error": 0.4245019853115082,
        "diamond_ar_1p5_total_prediction_time": 0.8899083137512207,
        "diamond_ar_1p5_total_prediction_samples": 400,
        "diamond_ar_1p5_max_l2_error": 1.1174949407577515,
        "diamond_ar_1p5_min_l2_error": 0.5429529547691345,
        "diamond_ar_1p5_mean_l2_error": 0.7050337195396423,
        "diamond_ar_1p66_total_prediction_time": 0.8564105033874512,
        "diamond_ar_1p66_total_prediction_samples": 400,
        "diamond_ar_1p66_max_l2_error": 1.369408369064331,
        "diamond_ar_1p66_min_l2_error": 0.8465173840522766,
        "diamond_ar_1p66_mean_l2_error": 0.9905910491943359,
        "diamond_ar_2p0_total_prediction_time": 0.9247817993164062,
        "diamond_ar_2p0_total_prediction_samples": 400,
        "diamond_ar_2p0_max_l2_error": 1.024109125137329,
        "diamond_ar_2p0_min_l2_error": 1.0240559577941895,
        "diamond_ar_2p0_mean_l2_error": 1.0240827798843384,
        "triangle_ar_1p25_total_prediction_time": 0.8587417602539062,
        "triangle_ar_1p25_total_prediction_samples": 400,
        "triangle_ar_1p25_max_l2_error": 1.2106660604476929,
        "triangle_ar_1p25_min_l2_error": 0.4312039017677307,
        "triangle_ar_1p25_mean_l2_error": 0.604146420955658,
        "triangle_ar_1p5_total_prediction_time": 0.9538209438323975,
        "triangle_ar_1p5_total_prediction_samples": 400,
        "triangle_ar_1p5_max_l2_error": 1.3462507724761963,
        "triangle_ar_1p5_min_l2_error": 0.5455121397972107,
        "triangle_ar_1p5_mean_l2_error": 0.7410035729408264,
        "triangle_ar_1p66_total_prediction_time": 0.9526233673095703,
        "triangle_ar_1p66_total_prediction_samples": 400,
        "triangle_ar_1p66_max_l2_error": 1.4858648777008057,
        "triangle_ar_1p66_min_l2_error": 0.738858163356781,
        "triangle_ar_1p66_mean_l2_error": 0.946896493434906,
        "triangle_ar_2p0_total_prediction_time": 0.9069933891296387,
        "triangle_ar_2p0_total_prediction_samples": 400,
        "triangle_ar_2p0_max_l2_error": 1.1471816301345825,
        "triangle_ar_2p0_min_l2_error": 1.1276336908340454,
        "triangle_ar_2p0_mean_l2_error": 1.1309703588485718,
        "cylinder_half_total_prediction_time": 0.9468622207641602,
        "cylinder_half_total_prediction_samples": 400,
        "cylinder_half_max_l2_error": 0.6146504878997803,
        "cylinder_half_min_l2_error": 0.244123175740242,
        "cylinder_half_mean_l2_error": 0.3319917321205139,
        "cylinder_half_flipped_total_prediction_time": 0.9520385265350342,
        "cylinder_half_flipped_total_prediction_samples": 400,
        "cylinder_half_flipped_max_l2_error": 0.6062514185905457,
        "cylinder_half_flipped_min_l2_error": 0.3448675870895386,
        "cylinder_half_flipped_mean_l2_error": 0.45634472370147705
    }
}