{
    "counter": 0,
    "0": {
        "total_training_time": 531.1877233982086,
        "total_epochs": 293,
        "total_prediction_time": 2.3203375339508057,
        "total_prediction_samples": 320,
        "max_l2_error": 0.2762993276119232,
        "min_l2_error": 0.10274668782949448,
        "mean_l2_error": 0.15142567455768585,
        "diamond_ar_1p25_total_prediction_time": 2.6707754135131836,
        "diamond_ar_1p25_total_prediction_samples": 400,
        "diamond_ar_1p25_max_l2_error": 0.7515528202056885,
        "diamond_ar_1p25_min_l2_error": 0.2724741995334625,
        "diamond_ar_1p25_mean_l2_error": 0.4170881509780884,
        "diamond_ar_1p5_total_prediction_time": 0.5472137928009033,
        "diamond_ar_1p5_total_prediction_samples": 400,
        "diamond_ar_1p5_max_l2_error": 1.2325595617294312,
        "diamond_ar_1p5_min_l2_error": 0.5393040776252747,
        "diamond_ar_1p5_mean_l2_error": 0.7143675088882446,
        "diamond_ar_1p66_total_prediction_time": 0.5522134304046631,
        "diamond_ar_1p66_total_prediction_samples": 400,
        "diamond_ar_1p66_max_l2_error": 1.2549127340316772,
        "diamond_ar_1p66_min_l2_error": 0.8251111507415771,
        "diamond_ar_1p66_mean_l2_error": 1.0053739547729492,
        "diamond_ar_2p0_total_prediction_time": 0.5533044338226318,
        "diamond_ar_2p0_total_prediction_samples": 400,
        "diamond_ar_2p0_max_l2_error": 1.2246419191360474,
        "diamond_ar_2p0_min_l2_error": 1.2245912551879883,
        "diamond_ar_2p0_mean_l2_error": 1.2246173620224,
        "triangle_ar_1p25_total_prediction_time": 0.5578165054321289,
        "triangle_ar_1p25_total_prediction_samples": 400,
        "triangle_ar_1p25_max_l2_error": 1.119837999343872,
        "triangle_ar_1p25_min_l2_error": 0.4434742331504822,
        "triangle_ar_1p25_mean_l2_error": 0.6002095937728882,
        "triangle_ar_1p5_total_prediction_time": 0.5446960926055908,
        "triangle_ar_1p5_total_prediction_samples": 400,
        "triangle_ar_1p5_max_l2_error": 1.4141759872436523,
        "triangle_ar_1p5_min_l2_error": 0.5706906914710999,
        "triangle_ar_1p5_mean_l2_error": 0.760690450668335,
        "triangle_ar_1p66_total_prediction_time": 0.539970874786377,
        "triangle_ar_1p66_total_prediction_samples": 400,
        "triangle_ar_1p66_max_l2_error": 1.5582588911056519,
        "triangle_ar_1p66_min_l2_error": 0.7402142286300659,
        "triangle_ar_1p66_mean_l2_error": 0.9646545648574829,
        "triangle_ar_2p0_total_prediction_time": 0.5418775081634521,
        "triangle_ar_2p0_total_prediction_samples": 400,
        "triangle_ar_2p0_max_l2_error": 1.9586318731307983,
        "triangle_ar_2p0_min_l2_error": 1.7592759132385254,
        "triangle_ar_2p0_mean_l2_error": 1.8440098762512207,
        "cylinder_half_total_prediction_time": 0.5474364757537842,
        "cylinder_half_total_prediction_samples": 400,
        "cylinder_half_max_l2_error": 0.5429772734642029,
        "cylinder_half_min_l2_error": 0.25023916363716125,
        "cylinder_half_mean_l2_error": 0.3425939977169037,
        "cylinder_half_flipped_total_prediction_time": 0.5488207340240479,
        "cylinder_half_flipped_total_prediction_samples": 400,
        "cylinder_half_flipped_max_l2_error": 0.602097749710083,
        "cylinder_half_flipped_min_l2_error": 0.34189239144325256,
        "cylinder_half_flipped_mean_l2_error": 0.4476792514324188
    }
}