{
    "counter": 0,
    "0": {
        "total_training_time": 199.45223927497864,
        "total_epochs": 303,
        "total_prediction_time": 1.8163373470306396,
        "total_prediction_samples": 320,
        "max_l2_error": 0.024129804223775864,
        "min_l2_error": 0.016016965731978416,
        "mean_l2_error": 0.02026011422276497,
        "diamond_ar_1p25_total_prediction_time": 2.1299681663513184,
        "diamond_ar_1p25_total_prediction_samples": 400,
        "diamond_ar_1p25_max_l2_error": 0.05751602351665497,
        "diamond_ar_1p25_min_l2_error": 0.037210430949926376,
        "diamond_ar_1p25_mean_l2_error": 0.044957589358091354,
        "diamond_ar_1p5_total_prediction_time": 0.5521438121795654,
        "diamond_ar_1p5_total_prediction_samples": 400,
        "diamond_ar_1p5_max_l2_error": 0.047547224909067154,
        "diamond_ar_1p5_min_l2_error": 0.03923121839761734,
        "diamond_ar_1p5_mean_l2_error": 0.044362057000398636,
        "diamond_ar_1p66_total_prediction_time": 0.5400691032409668,
        "diamond_ar_1p66_total_prediction_samples": 400,
        "diamond_ar_1p66_max_l2_error": 0.04050945118069649,
        "diamond_ar_1p66_min_l2_error": 0.036283280700445175,
        "diamond_ar_1p66_mean_l2_error": 0.038418665528297424,
        "diamond_ar_2p0_total_prediction_time": 0.551459550857544,
        "diamond_ar_2p0_total_prediction_samples": 400,
        "diamond_ar_2p0_max_l2_error": 0.05015842244029045,
        "diamond_ar_2p0_min_l2_error": 0.05013245716691017,
        "diamond_ar_2p0_mean_l2_error": 0.050143834203481674,
        "triangle_ar_1p25_total_prediction_time": 0.5522503852844238,
        "triangle_ar_1p25_total_prediction_samples": 400,
        "triangle_ar_1p25_max_l2_error": 0.15122254192829132,
        "triangle_ar_1p25_min_l2_error": 0.0999460220336914,
        "triangle_ar_1p25_mean_l2_error": 0.12533444166183472,
        "triangle_ar_1p5_total_prediction_time": 0.5549449920654297,
        "triangle_ar_1p5_total_prediction_samples": 400,
        "triangle_ar_1p5_max_l2_error": 0.18356746435165405,
        "triangle_ar_1p5_min_l2_error": 0.14715491235256195,
        "triangle_ar_1p5_mean_l2_error": 0.16273806989192963,
        "triangle_ar_1p66_total_prediction_time": 0.5511970520019531,
        "triangle_ar_1p66_total_prediction_samples": 400,
        "triangle_ar_1p66_max_l2_error": 0.13409866392612457,
        "triangle_ar_1p66_min_l2_error": 0.12084326148033142,
        "triangle_ar_1p66_mean_l2_error": 0.1272171586751938,
        "triangle_ar_2p0_total_prediction_time": 0.5600786209106445,
        "triangle_ar_2p0_total_prediction_samples": 400,
        "triangle_ar_2p0_max_l2_error": 0.10911113023757935,
        "triangle_ar_2p0_min_l2_error": 0.109043188393116,
        "triangle_ar_2p0_mean_l2_error": 0.10907596349716187,
        "cylinder_half_total_prediction_time": 0.5544049739837646,
        "cylinder_half_total_prediction_samples": 400,
        "cylinder_half_max_l2_error": 0.05733778700232506,
        "cylinder_half_min_l2_error": 0.038592901080846786,
        "cylinder_half_mean_l2_error": 0.0472479909658432,
        "cylinder_half_flipped_total_prediction_time": 0.5452048778533936,
        "cylinder_half_flipped_total_prediction_samples": 400,
        "cylinder_half_flipped_max_l2_error": 0.0617714561522007,
        "cylinder_half_flipped_min_l2_error": 0.03745574876666069,
        "cylinder_half_flipped_mean_l2_error": 0.04816734790802002
    }
}