{
    "counter": 0,
    "0": {
        "total_training_time": 1529.4020173549652,
        "total_epochs": 330,
        "total_prediction_time": 0.5571229457855225,
        "total_prediction_samples": 320,
        "max_l2_error": 0.04025445133447647,
        "min_l2_error": 0.024606196209788322,
        "mean_l2_error": 0.029653340578079224,
        "diamond_ar_1p25_total_prediction_time": 0.5814628601074219,
        "diamond_ar_1p25_total_prediction_samples": 400,
        "diamond_ar_1p25_max_l2_error": 0.2872491478919983,
        "diamond_ar_1p25_min_l2_error": 0.13042840361595154,
        "diamond_ar_1p25_mean_l2_error": 0.2104227989912033,
        "diamond_ar_1p5_total_prediction_time": 0.3826730251312256,
        "diamond_ar_1p5_total_prediction_samples": 400,
        "diamond_ar_1p5_max_l2_error": 0.3644285500049591,
        "diamond_ar_1p5_min_l2_error": 0.25342878699302673,
        "diamond_ar_1p5_mean_l2_error": 0.32254013419151306,
        "diamond_ar_1p66_total_prediction_time": 0.38109326362609863,
        "diamond_ar_1p66_total_prediction_samples": 400,
        "diamond_ar_1p66_max_l2_error": 0.3744775056838989,
        "diamond_ar_1p66_min_l2_error": 0.3408937156200409,
        "diamond_ar_1p66_mean_l2_error": 0.35655584931373596,
        "diamond_ar_2p0_total_prediction_time": 0.38617920875549316,
        "diamond_ar_2p0_total_prediction_samples": 400,
        "diamond_ar_2p0_max_l2_error": 0.46454906463623047,
        "diamond_ar_2p0_min_l2_error": 0.464542955160141,
        "diamond_ar_2p0_mean_l2_error": 0.4645459055900574,
        "triangle_ar_1p25_total_prediction_time": 0.3872694969177246,
        "triangle_ar_1p25_total_prediction_samples": 400,
        "triangle_ar_1p25_max_l2_error": 0.45719683170318604,
        "triangle_ar_1p25_min_l2_error": 0.2814864218235016,
        "triangle_ar_1p25_mean_l2_error": 0.3615666925907135,
        "triangle_ar_1p5_total_prediction_time": 0.3808858394622803,
        "triangle_ar_1p5_total_prediction_samples": 400,
        "triangle_ar_1p5_max_l2_error": 0.5138396620750427,
        "triangle_ar_1p5_min_l2_error": 0.3626302182674408,
        "triangle_ar_1p5_mean_l2_error": 0.44405224919319153,
        "triangle_ar_1p66_total_prediction_time": 0.38695359230041504,
        "triangle_ar_1p66_total_prediction_samples": 400,
        "triangle_ar_1p66_max_l2_error": 0.48778587579727173,
        "triangle_ar_1p66_min_l2_error": 0.4385414719581604,
        "triangle_ar_1p66_mean_l2_error": 0.46667930483818054,
        "triangle_ar_2p0_total_prediction_time": 0.3870353698730469,
        "triangle_ar_2p0_total_prediction_samples": 400,
        "triangle_ar_2p0_max_l2_error": 0.5524886250495911,
        "triangle_ar_2p0_min_l2_error": 0.5514021515846252,
        "triangle_ar_2p0_mean_l2_error": 0.5520281791687012,
        "cylinder_half_total_prediction_time": 0.38045406341552734,
        "cylinder_half_total_prediction_samples": 400,
        "cylinder_half_max_l2_error": 0.23752076923847198,
        "cylinder_half_min_l2_error": 0.09949299693107605,
        "cylinder_half_mean_l2_error": 0.1710132658481598,
        "cylinder_half_flipped_total_prediction_time": 0.38603997230529785,
        "cylinder_half_flipped_total_prediction_samples": 400,
        "cylinder_half_flipped_max_l2_error": 0.31196242570877075,
        "cylinder_half_flipped_min_l2_error": 0.1343340426683426,
        "cylinder_half_flipped_mean_l2_error": 0.2199447602033615
    }
}