{
    "counter": 0,
    "0": {
        "total_training_time": 55.972837924957275,
        "total_epochs": 329,
        "total_prediction_time": 0.1744222640991211,
        "total_prediction_samples": 320,
        "max_l2_error": 0.028958655893802643,
        "min_l2_error": 0.02086922898888588,
        "mean_l2_error": 0.025246892124414444,
        "diamond_ar_1p25_total_prediction_time": 0.15219426155090332,
        "diamond_ar_1p25_total_prediction_samples": 400,
        "diamond_ar_1p25_max_l2_error": 0.0606294684112072,
        "diamond_ar_1p25_min_l2_error": 0.038313306868076324,
        "diamond_ar_1p25_mean_l2_error": 0.05040007457137108,
        "diamond_ar_1p5_total_prediction_time": 0.09201264381408691,
        "diamond_ar_1p5_total_prediction_samples": 400,
        "diamond_ar_1p5_max_l2_error": 0.0631873831152916,
        "diamond_ar_1p5_min_l2_error": 0.04590068385004997,
        "diamond_ar_1p5_mean_l2_error": 0.053047116845846176,
        "diamond_ar_1p66_total_prediction_time": 0.09061360359191895,
        "diamond_ar_1p66_total_prediction_samples": 400,
        "diamond_ar_1p66_max_l2_error": 0.05191840976476669,
        "diamond_ar_1p66_min_l2_error": 0.046322744339704514,
        "diamond_ar_1p66_mean_l2_error": 0.04909007251262665,
        "diamond_ar_2p0_total_prediction_time": 0.08997035026550293,
        "diamond_ar_2p0_total_prediction_samples": 400,
        "diamond_ar_2p0_max_l2_error": 0.05588483065366745,
        "diamond_ar_2p0_min_l2_error": 0.05585983768105507,
        "diamond_ar_2p0_mean_l2_error": 0.05587167665362358,
        "triangle_ar_1p25_total_prediction_time": 0.0924382209777832,
        "triangle_ar_1p25_total_prediction_samples": 400,
        "triangle_ar_1p25_max_l2_error": 0.16470244526863098,
        "triangle_ar_1p25_min_l2_error": 0.11256562173366547,
        "triangle_ar_1p25_mean_l2_error": 0.1407761424779892,
        "triangle_ar_1p5_total_prediction_time": 0.08951091766357422,
        "triangle_ar_1p5_total_prediction_samples": 400,
        "triangle_ar_1p5_max_l2_error": 0.193153515458107,
        "triangle_ar_1p5_min_l2_error": 0.14958374202251434,
        "triangle_ar_1p5_mean_l2_error": 0.17094451189041138,
        "triangle_ar_1p66_total_prediction_time": 0.09011340141296387,
        "triangle_ar_1p66_total_prediction_samples": 400,
        "triangle_ar_1p66_max_l2_error": 0.14931796491146088,
        "triangle_ar_1p66_min_l2_error": 0.1350802332162857,
        "triangle_ar_1p66_mean_l2_error": 0.14157916605472565,
        "triangle_ar_2p0_total_prediction_time": 0.08971643447875977,
        "triangle_ar_2p0_total_prediction_samples": 400,
        "triangle_ar_2p0_max_l2_error": 0.11355756968259811,
        "triangle_ar_2p0_min_l2_error": 0.11342044919729233,
        "triangle_ar_2p0_mean_l2_error": 0.11348220705986023,
        "cylinder_half_total_prediction_time": 0.0900423526763916,
        "cylinder_half_total_prediction_samples": 400,
        "cylinder_half_max_l2_error": 0.05626928433775902,
        "cylinder_half_min_l2_error": 0.03524234890937805,
        "cylinder_half_mean_l2_error": 0.046633314341306686,
        "cylinder_half_flipped_total_prediction_time": 0.09057784080505371,
        "cylinder_half_flipped_total_prediction_samples": 400,
        "cylinder_half_flipped_max_l2_error": 0.05861140415072441,
        "cylinder_half_flipped_min_l2_error": 0.0414658859372139,
        "cylinder_half_flipped_mean_l2_error": 0.049708448350429535
    }
}