{
    "counter": 0,
    "0": {
        "total_training_time": 358.7679753303528,
        "total_epochs": 631,
        "total_prediction_time": 1.873845100402832,
        "total_prediction_samples": 320,
        "max_l2_error": 0.03261604905128479,
        "min_l2_error": 0.020812654867768288,
        "mean_l2_error": 0.02691289409995079,
        "diamond_ar_1p25_total_prediction_time": 2.1098382472991943,
        "diamond_ar_1p25_total_prediction_samples": 400,
        "diamond_ar_1p25_max_l2_error": 0.05507281422615051,
        "diamond_ar_1p25_min_l2_error": 0.035943903028964996,
        "diamond_ar_1p25_mean_l2_error": 0.046254485845565796,
        "diamond_ar_1p5_total_prediction_time": 0.5471959114074707,
        "diamond_ar_1p5_total_prediction_samples": 400,
        "diamond_ar_1p5_max_l2_error": 0.04949814826250076,
        "diamond_ar_1p5_min_l2_error": 0.03944331780076027,
        "diamond_ar_1p5_mean_l2_error": 0.04581255093216896,
        "diamond_ar_1p66_total_prediction_time": 0.5427284240722656,
        "diamond_ar_1p66_total_prediction_samples": 400,
        "diamond_ar_1p66_max_l2_error": 0.04596428945660591,
        "diamond_ar_1p66_min_l2_error": 0.03854197636246681,
        "diamond_ar_1p66_mean_l2_error": 0.04174031317234039,
        "diamond_ar_2p0_total_prediction_time": 0.5588853359222412,
        "diamond_ar_2p0_total_prediction_samples": 400,
        "diamond_ar_2p0_max_l2_error": 0.051901623606681824,
        "diamond_ar_2p0_min_l2_error": 0.05188293009996414,
        "diamond_ar_2p0_mean_l2_error": 0.051891427487134933,
        "triangle_ar_1p25_total_prediction_time": 0.5517444610595703,
        "triangle_ar_1p25_total_prediction_samples": 400,
        "triangle_ar_1p25_max_l2_error": 0.1526593714952469,
        "triangle_ar_1p25_min_l2_error": 0.1069905236363411,
        "triangle_ar_1p25_mean_l2_error": 0.12871994078159332,
        "triangle_ar_1p5_total_prediction_time": 0.5355269908905029,
        "triangle_ar_1p5_total_prediction_samples": 400,
        "triangle_ar_1p5_max_l2_error": 0.17957711219787598,
        "triangle_ar_1p5_min_l2_error": 0.14243634045124054,
        "triangle_ar_1p5_mean_l2_error": 0.16360816359519958,
        "triangle_ar_1p66_total_prediction_time": 0.5543909072875977,
        "triangle_ar_1p66_total_prediction_samples": 400,
        "triangle_ar_1p66_max_l2_error": 0.1419062316417694,
        "triangle_ar_1p66_min_l2_error": 0.12809976935386658,
        "triangle_ar_1p66_mean_l2_error": 0.1355745643377304,
        "triangle_ar_2p0_total_prediction_time": 0.553328275680542,
        "triangle_ar_2p0_total_prediction_samples": 400,
        "triangle_ar_2p0_max_l2_error": 0.11619605869054794,
        "triangle_ar_2p0_min_l2_error": 0.11612523347139359,
        "triangle_ar_2p0_mean_l2_error": 0.11616048961877823,
        "cylinder_half_total_prediction_time": 0.5796165466308594,
        "cylinder_half_total_prediction_samples": 400,
        "cylinder_half_max_l2_error": 0.06311088800430298,
        "cylinder_half_min_l2_error": 0.039346423000097275,
        "cylinder_half_mean_l2_error": 0.05062014237046242,
        "cylinder_half_flipped_total_prediction_time": 0.5836851596832275,
        "cylinder_half_flipped_total_prediction_samples": 400,
        "cylinder_half_flipped_max_l2_error": 0.0623236782848835,
        "cylinder_half_flipped_min_l2_error": 0.03700768202543259,
        "cylinder_half_flipped_mean_l2_error": 0.048144835978746414
    }
}