{
    "counter": 0,
    "0": {
        "total_training_time": 3017.6527152061462,
        "total_epochs": 358,
        "total_prediction_time": 2.4325032234191895,
        "total_prediction_samples": 320,
        "max_l2_error": 0.037336740642786026,
        "min_l2_error": 0.025418484583497047,
        "mean_l2_error": 0.030615508556365967,
        "diamond_ar_1p25_total_prediction_time": 2.143655776977539,
        "diamond_ar_1p25_total_prediction_samples": 400,
        "diamond_ar_1p25_max_l2_error": 0.2791227400302887,
        "diamond_ar_1p25_min_l2_error": 0.12924037873744965,
        "diamond_ar_1p25_mean_l2_error": 0.21403300762176514,
        "diamond_ar_1p5_total_prediction_time": 0.7627098560333252,
        "diamond_ar_1p5_total_prediction_samples": 400,
        "diamond_ar_1p5_max_l2_error": 0.3833782374858856,
        "diamond_ar_1p5_min_l2_error": 0.2445889711380005,
        "diamond_ar_1p5_mean_l2_error": 0.3190431296825409,
        "diamond_ar_1p66_total_prediction_time": 0.7628428936004639,
        "diamond_ar_1p66_total_prediction_samples": 400,
        "diamond_ar_1p66_max_l2_error": 0.3583013415336609,
        "diamond_ar_1p66_min_l2_error": 0.32053452730178833,
        "diamond_ar_1p66_mean_l2_error": 0.3406442701816559,
        "diamond_ar_2p0_total_prediction_time": 0.7698440551757812,
        "diamond_ar_2p0_total_prediction_samples": 400,
        "diamond_ar_2p0_max_l2_error": 0.443328320980072,
        "diamond_ar_2p0_min_l2_error": 0.4433228075504303,
        "diamond_ar_2p0_mean_l2_error": 0.44332513213157654,
        "triangle_ar_1p25_total_prediction_time": 0.726428747177124,
        "triangle_ar_1p25_total_prediction_samples": 400,
        "triangle_ar_1p25_max_l2_error": 0.44967886805534363,
        "triangle_ar_1p25_min_l2_error": 0.2801496088504791,
        "triangle_ar_1p25_mean_l2_error": 0.3637453317642212,
        "triangle_ar_1p5_total_prediction_time": 0.7521705627441406,
        "triangle_ar_1p5_total_prediction_samples": 400,
        "triangle_ar_1p5_max_l2_error": 0.5314489603042603,
        "triangle_ar_1p5_min_l2_error": 0.33138853311538696,
        "triangle_ar_1p5_mean_l2_error": 0.43087416887283325,
        "triangle_ar_1p66_total_prediction_time": 0.7712152004241943,
        "triangle_ar_1p66_total_prediction_samples": 400,
        "triangle_ar_1p66_max_l2_error": 0.48963814973831177,
        "triangle_ar_1p66_min_l2_error": 0.40785542130470276,
        "triangle_ar_1p66_mean_l2_error": 0.45240604877471924,
        "triangle_ar_2p0_total_prediction_time": 0.7470152378082275,
        "triangle_ar_2p0_total_prediction_samples": 400,
        "triangle_ar_2p0_max_l2_error": 0.5372036099433899,
        "triangle_ar_2p0_min_l2_error": 0.5355454683303833,
        "triangle_ar_2p0_mean_l2_error": 0.5362715125083923,
        "cylinder_half_total_prediction_time": 0.7666952610015869,
        "cylinder_half_total_prediction_samples": 400,
        "cylinder_half_max_l2_error": 0.21838974952697754,
        "cylinder_half_min_l2_error": 0.10487105697393417,
        "cylinder_half_mean_l2_error": 0.16417239606380463,
        "cylinder_half_flipped_total_prediction_time": 0.7544553279876709,
        "cylinder_half_flipped_total_prediction_samples": 400,
        "cylinder_half_flipped_max_l2_error": 0.26439064741134644,
        "cylinder_half_flipped_min_l2_error": 0.12761422991752625,
        "cylinder_half_flipped_mean_l2_error": 0.19455848634243011
    }
}