{
    "counter": 0,
    "0": {
        "total_training_time": 807.276829957962,
        "total_epochs": 406,
        "total_prediction_time": 1.6311357021331787,
        "total_prediction_samples": 320,
        "max_l2_error": 0.21127645671367645,
        "min_l2_error": 0.09014337509870529,
        "mean_l2_error": 0.12615059316158295,
        "diamond_ar_1p25_total_prediction_time": 1.7552428245544434,
        "diamond_ar_1p25_total_prediction_samples": 400,
        "diamond_ar_1p25_max_l2_error": 0.7846766710281372,
        "diamond_ar_1p25_min_l2_error": 0.3008221983909607,
        "diamond_ar_1p25_mean_l2_error": 0.41936737298965454,
        "diamond_ar_1p5_total_prediction_time": 0.4085557460784912,
        "diamond_ar_1p5_total_prediction_samples": 400,
        "diamond_ar_1p5_max_l2_error": 1.2385075092315674,
        "diamond_ar_1p5_min_l2_error": 0.5381827354431152,
        "diamond_ar_1p5_mean_l2_error": 0.7277697920799255,
        "diamond_ar_1p66_total_prediction_time": 0.4027981758117676,
        "diamond_ar_1p66_total_prediction_samples": 400,
        "diamond_ar_1p66_max_l2_error": 1.4248898029327393,
        "diamond_ar_1p66_min_l2_error": 0.8081662654876709,
        "diamond_ar_1p66_mean_l2_error": 1.0083072185516357,
        "diamond_ar_2p0_total_prediction_time": 0.403179407119751,
        "diamond_ar_2p0_total_prediction_samples": 400,
        "diamond_ar_2p0_max_l2_error": 0.911847710609436,
        "diamond_ar_2p0_min_l2_error": 0.9118284583091736,
        "diamond_ar_2p0_mean_l2_error": 0.9118372201919556,
        "triangle_ar_1p25_total_prediction_time": 0.4172995090484619,
        "triangle_ar_1p25_total_prediction_samples": 400,
        "triangle_ar_1p25_max_l2_error": 1.264276146888733,
        "triangle_ar_1p25_min_l2_error": 0.4334838390350342,
        "triangle_ar_1p25_mean_l2_error": 0.657091498374939,
        "triangle_ar_1p5_total_prediction_time": 0.41457056999206543,
        "triangle_ar_1p5_total_prediction_samples": 400,
        "triangle_ar_1p5_max_l2_error": 1.408821940422058,
        "triangle_ar_1p5_min_l2_error": 0.5596156716346741,
        "triangle_ar_1p5_mean_l2_error": 0.7789497375488281,
        "triangle_ar_1p66_total_prediction_time": 0.3950822353363037,
        "triangle_ar_1p66_total_prediction_samples": 400,
        "triangle_ar_1p66_max_l2_error": 1.5383927822113037,
        "triangle_ar_1p66_min_l2_error": 0.7504859566688538,
        "triangle_ar_1p66_mean_l2_error": 0.9842932224273682,
        "triangle_ar_2p0_total_prediction_time": 0.3948843479156494,
        "triangle_ar_2p0_total_prediction_samples": 400,
        "triangle_ar_2p0_max_l2_error": 1.0654839277267456,
        "triangle_ar_2p0_min_l2_error": 1.0434913635253906,
        "triangle_ar_2p0_mean_l2_error": 1.0543212890625,
        "cylinder_half_total_prediction_time": 0.40062975883483887,
        "cylinder_half_total_prediction_samples": 400,
        "cylinder_half_max_l2_error": 0.46552738547325134,
        "cylinder_half_min_l2_error": 0.25545331835746765,
        "cylinder_half_mean_l2_error": 0.3409704864025116,
        "cylinder_half_flipped_total_prediction_time": 0.40010666847229004,
        "cylinder_half_flipped_total_prediction_samples": 400,
        "cylinder_half_flipped_max_l2_error": 0.6658948063850403,
        "cylinder_half_flipped_min_l2_error": 0.3769562244415283,
        "cylinder_half_flipped_mean_l2_error": 0.4900157153606415
    }
}