{
    "counter": 0,
    "0": {
        "total_training_time": 253.5679428577423,
        "total_epochs": 609,
        "total_prediction_time": 1.5689234733581543,
        "total_prediction_samples": 320,
        "max_l2_error": 0.034423910081386566,
        "min_l2_error": 0.020856117829680443,
        "mean_l2_error": 0.02872958406805992,
        "diamond_ar_1p25_total_prediction_time": 1.8033132553100586,
        "diamond_ar_1p25_total_prediction_samples": 400,
        "diamond_ar_1p25_max_l2_error": 0.05304282158613205,
        "diamond_ar_1p25_min_l2_error": 0.0386827252805233,
        "diamond_ar_1p25_mean_l2_error": 0.04621550068259239,
        "diamond_ar_1p5_total_prediction_time": 0.3974025249481201,
        "diamond_ar_1p5_total_prediction_samples": 400,
        "diamond_ar_1p5_max_l2_error": 0.061279620975255966,
        "diamond_ar_1p5_min_l2_error": 0.0485115572810173,
        "diamond_ar_1p5_mean_l2_error": 0.05278726667165756,
        "diamond_ar_1p66_total_prediction_time": 0.39308667182922363,
        "diamond_ar_1p66_total_prediction_samples": 400,
        "diamond_ar_1p66_max_l2_error": 0.05205598846077919,
        "diamond_ar_1p66_min_l2_error": 0.04671319201588631,
        "diamond_ar_1p66_mean_l2_error": 0.05005592852830887,
        "diamond_ar_2p0_total_prediction_time": 0.39350438117980957,
        "diamond_ar_2p0_total_prediction_samples": 400,
        "diamond_ar_2p0_max_l2_error": 0.05331370607018471,
        "diamond_ar_2p0_min_l2_error": 0.05329655855894089,
        "diamond_ar_2p0_mean_l2_error": 0.05330536887049675,
        "triangle_ar_1p25_total_prediction_time": 1.4428856372833252,
        "triangle_ar_1p25_total_prediction_samples": 400,
        "triangle_ar_1p25_max_l2_error": 0.1517440676689148,
        "triangle_ar_1p25_min_l2_error": 0.11749742180109024,
        "triangle_ar_1p25_mean_l2_error": 0.13436809182167053,
        "triangle_ar_1p5_total_prediction_time": 0.4228801727294922,
        "triangle_ar_1p5_total_prediction_samples": 400,
        "triangle_ar_1p5_max_l2_error": 0.19344937801361084,
        "triangle_ar_1p5_min_l2_error": 0.16196496784687042,
        "triangle_ar_1p5_mean_l2_error": 0.17996959388256073,
        "triangle_ar_1p66_total_prediction_time": 0.40999841690063477,
        "triangle_ar_1p66_total_prediction_samples": 400,
        "triangle_ar_1p66_max_l2_error": 0.15151506662368774,
        "triangle_ar_1p66_min_l2_error": 0.14580780267715454,
        "triangle_ar_1p66_mean_l2_error": 0.1489916443824768,
        "triangle_ar_2p0_total_prediction_time": 0.39318323135375977,
        "triangle_ar_2p0_total_prediction_samples": 400,
        "triangle_ar_2p0_max_l2_error": 0.10267213732004166,
        "triangle_ar_2p0_min_l2_error": 0.10254184901714325,
        "triangle_ar_2p0_mean_l2_error": 0.10260986536741257,
        "cylinder_half_total_prediction_time": 0.4005157947540283,
        "cylinder_half_total_prediction_samples": 400,
        "cylinder_half_max_l2_error": 0.06368820369243622,
        "cylinder_half_min_l2_error": 0.038334645330905914,
        "cylinder_half_mean_l2_error": 0.05046677589416504,
        "cylinder_half_flipped_total_prediction_time": 0.3901386260986328,
        "cylinder_half_flipped_total_prediction_samples": 400,
        "cylinder_half_flipped_max_l2_error": 0.06056645140051842,
        "cylinder_half_flipped_min_l2_error": 0.043430767953395844,
        "cylinder_half_flipped_mean_l2_error": 0.049823638051748276
    }
}