{
    "counter": 0,
    "0": {
        "total_training_time": 422.9782028198242,
        "total_epochs": 365,
        "total_prediction_time": 2.635669231414795,
        "total_prediction_samples": 320,
        "max_l2_error": 0.2534897029399872,
        "min_l2_error": 0.08857327699661255,
        "mean_l2_error": 0.13053007423877716,
        "diamond_ar_1p25_total_prediction_time": 2.9404513835906982,
        "diamond_ar_1p25_total_prediction_samples": 400,
        "diamond_ar_1p25_max_l2_error": 0.6440222263336182,
        "diamond_ar_1p25_min_l2_error": 0.287109911441803,
        "diamond_ar_1p25_mean_l2_error": 0.40256255865097046,
        "diamond_ar_1p5_total_prediction_time": 0.5890371799468994,
        "diamond_ar_1p5_total_prediction_samples": 400,
        "diamond_ar_1p5_max_l2_error": 1.0868853330612183,
        "diamond_ar_1p5_min_l2_error": 0.5143406391143799,
        "diamond_ar_1p5_mean_l2_error": 0.6899594068527222,
        "diamond_ar_1p66_total_prediction_time": 0.6394238471984863,
        "diamond_ar_1p66_total_prediction_samples": 400,
        "diamond_ar_1p66_max_l2_error": 1.1918617486953735,
        "diamond_ar_1p66_min_l2_error": 0.8106165528297424,
        "diamond_ar_1p66_mean_l2_error": 0.9182797074317932,
        "diamond_ar_2p0_total_prediction_time": 0.6003296375274658,
        "diamond_ar_2p0_total_prediction_samples": 400,
        "diamond_ar_2p0_max_l2_error": 1.0116182565689087,
        "diamond_ar_2p0_min_l2_error": 1.0115922689437866,
        "diamond_ar_2p0_mean_l2_error": 1.0116047859191895,
        "triangle_ar_1p25_total_prediction_time": 0.5952575206756592,
        "triangle_ar_1p25_total_prediction_samples": 400,
        "triangle_ar_1p25_max_l2_error": 1.137001633644104,
        "triangle_ar_1p25_min_l2_error": 0.4565782845020294,
        "triangle_ar_1p25_mean_l2_error": 0.5827783346176147,
        "triangle_ar_1p5_total_prediction_time": 0.5989954471588135,
        "triangle_ar_1p5_total_prediction_samples": 400,
        "triangle_ar_1p5_max_l2_error": 1.388331413269043,
        "triangle_ar_1p5_min_l2_error": 0.5642468333244324,
        "triangle_ar_1p5_mean_l2_error": 0.7247900366783142,
        "triangle_ar_1p66_total_prediction_time": 0.5828297138214111,
        "triangle_ar_1p66_total_prediction_samples": 400,
        "triangle_ar_1p66_max_l2_error": 1.3823014497756958,
        "triangle_ar_1p66_min_l2_error": 0.7397123575210571,
        "triangle_ar_1p66_mean_l2_error": 0.9119569659233093,
        "triangle_ar_2p0_total_prediction_time": 0.595644474029541,
        "triangle_ar_2p0_total_prediction_samples": 400,
        "triangle_ar_2p0_max_l2_error": 1.1996840238571167,
        "triangle_ar_2p0_min_l2_error": 1.180700659751892,
        "triangle_ar_2p0_mean_l2_error": 1.1829535961151123,
        "cylinder_half_total_prediction_time": 0.5973865985870361,
        "cylinder_half_total_prediction_samples": 400,
        "cylinder_half_max_l2_error": 0.46411943435668945,
        "cylinder_half_min_l2_error": 0.23208345472812653,
        "cylinder_half_mean_l2_error": 0.33093222975730896,
        "cylinder_half_flipped_total_prediction_time": 0.6005191802978516,
        "cylinder_half_flipped_total_prediction_samples": 400,
        "cylinder_half_flipped_max_l2_error": 0.6163522005081177,
        "cylinder_half_flipped_min_l2_error": 0.3915770351886749,
        "cylinder_half_flipped_mean_l2_error": 0.4743649363517761
    }
}