{
    "counter": 0,
    "0": {
        "total_training_time": 291.3330581188202,
        "total_epochs": 652,
        "total_prediction_time": 1.647136926651001,
        "total_prediction_samples": 320,
        "max_l2_error": 0.04637128487229347,
        "min_l2_error": 0.027430307120084763,
        "mean_l2_error": 0.03626129776239395,
        "diamond_ar_1p25_total_prediction_time": 1.8317515850067139,
        "diamond_ar_1p25_total_prediction_samples": 400,
        "diamond_ar_1p25_max_l2_error": 0.06655330955982208,
        "diamond_ar_1p25_min_l2_error": 0.03932081162929535,
        "diamond_ar_1p25_mean_l2_error": 0.050629884004592896,
        "diamond_ar_1p5_total_prediction_time": 0.4432523250579834,
        "diamond_ar_1p5_total_prediction_samples": 400,
        "diamond_ar_1p5_max_l2_error": 0.0634627491235733,
        "diamond_ar_1p5_min_l2_error": 0.043622907251119614,
        "diamond_ar_1p5_mean_l2_error": 0.0547826811671257,
        "diamond_ar_1p66_total_prediction_time": 0.4416515827178955,
        "diamond_ar_1p66_total_prediction_samples": 400,
        "diamond_ar_1p66_max_l2_error": 0.055217765271663666,
        "diamond_ar_1p66_min_l2_error": 0.04721797630190849,
        "diamond_ar_1p66_mean_l2_error": 0.050912633538246155,
        "diamond_ar_2p0_total_prediction_time": 0.44147562980651855,
        "diamond_ar_2p0_total_prediction_samples": 400,
        "diamond_ar_2p0_max_l2_error": 0.05851937085390091,
        "diamond_ar_2p0_min_l2_error": 0.05850740522146225,
        "diamond_ar_2p0_mean_l2_error": 0.0585130900144577,
        "triangle_ar_1p25_total_prediction_time": 0.4419841766357422,
        "triangle_ar_1p25_total_prediction_samples": 400,
        "triangle_ar_1p25_max_l2_error": 0.16122545301914215,
        "triangle_ar_1p25_min_l2_error": 0.11509760469198227,
        "triangle_ar_1p25_mean_l2_error": 0.13896504044532776,
        "triangle_ar_1p5_total_prediction_time": 0.4863145351409912,
        "triangle_ar_1p5_total_prediction_samples": 400,
        "triangle_ar_1p5_max_l2_error": 0.19380247592926025,
        "triangle_ar_1p5_min_l2_error": 0.15028342604637146,
        "triangle_ar_1p5_mean_l2_error": 0.17603491246700287,
        "triangle_ar_1p66_total_prediction_time": 0.4739704132080078,
        "triangle_ar_1p66_total_prediction_samples": 400,
        "triangle_ar_1p66_max_l2_error": 0.14923125505447388,
        "triangle_ar_1p66_min_l2_error": 0.1360553652048111,
        "triangle_ar_1p66_mean_l2_error": 0.1426355391740799,
        "triangle_ar_2p0_total_prediction_time": 0.46479129791259766,
        "triangle_ar_2p0_total_prediction_samples": 400,
        "triangle_ar_2p0_max_l2_error": 0.10386034101247787,
        "triangle_ar_2p0_min_l2_error": 0.10376466065645218,
        "triangle_ar_2p0_mean_l2_error": 0.10382499545812607,
        "cylinder_half_total_prediction_time": 0.45920634269714355,
        "cylinder_half_total_prediction_samples": 400,
        "cylinder_half_max_l2_error": 0.0637928768992424,
        "cylinder_half_min_l2_error": 0.04455963522195816,
        "cylinder_half_mean_l2_error": 0.0555417537689209,
        "cylinder_half_flipped_total_prediction_time": 0.4566664695739746,
        "cylinder_half_flipped_total_prediction_samples": 400,
        "cylinder_half_flipped_max_l2_error": 0.06341594457626343,
        "cylinder_half_flipped_min_l2_error": 0.04470130428671837,
        "cylinder_half_flipped_mean_l2_error": 0.05296744406223297
    }
}