{
    "counter": 0,
    "0": {
        "total_training_time": 2535.363430738449,
        "total_epochs": 546,
        "total_prediction_time": 0.5712571144104004,
        "total_prediction_samples": 320,
        "max_l2_error": 0.22375471889972687,
        "min_l2_error": 0.08070793747901917,
        "mean_l2_error": 0.12004582583904266,
        "diamond_ar_1p25_total_prediction_time": 0.6247944831848145,
        "diamond_ar_1p25_total_prediction_samples": 400,
        "diamond_ar_1p25_max_l2_error": 0.7066981196403503,
        "diamond_ar_1p25_min_l2_error": 0.30428221821784973,
        "diamond_ar_1p25_mean_l2_error": 0.4212150573730469,
        "diamond_ar_1p5_total_prediction_time": 0.3894808292388916,
        "diamond_ar_1p5_total_prediction_samples": 400,
        "diamond_ar_1p5_max_l2_error": 1.2718617916107178,
        "diamond_ar_1p5_min_l2_error": 0.558264434337616,
        "diamond_ar_1p5_mean_l2_error": 0.7327104210853577,
        "diamond_ar_1p66_total_prediction_time": 0.4003727436065674,
        "diamond_ar_1p66_total_prediction_samples": 400,
        "diamond_ar_1p66_max_l2_error": 1.4123435020446777,
        "diamond_ar_1p66_min_l2_error": 0.8674127459526062,
        "diamond_ar_1p66_mean_l2_error": 1.0040159225463867,
        "diamond_ar_2p0_total_prediction_time": 0.3957059383392334,
        "diamond_ar_2p0_total_prediction_samples": 400,
        "diamond_ar_2p0_max_l2_error": 1.0029981136322021,
        "diamond_ar_2p0_min_l2_error": 1.0029464960098267,
        "diamond_ar_2p0_mean_l2_error": 1.0029710531234741,
        "triangle_ar_1p25_total_prediction_time": 0.39516472816467285,
        "triangle_ar_1p25_total_prediction_samples": 400,
        "triangle_ar_1p25_max_l2_error": 1.2487398386001587,
        "triangle_ar_1p25_min_l2_error": 0.4559193551540375,
        "triangle_ar_1p25_mean_l2_error": 0.6305128335952759,
        "triangle_ar_1p5_total_prediction_time": 0.38496851921081543,
        "triangle_ar_1p5_total_prediction_samples": 400,
        "triangle_ar_1p5_max_l2_error": 1.3905029296875,
        "triangle_ar_1p5_min_l2_error": 0.5554155707359314,
        "triangle_ar_1p5_mean_l2_error": 0.7868333458900452,
        "triangle_ar_1p66_total_prediction_time": 0.38547635078430176,
        "triangle_ar_1p66_total_prediction_samples": 400,
        "triangle_ar_1p66_max_l2_error": 1.4133139848709106,
        "triangle_ar_1p66_min_l2_error": 0.7275824546813965,
        "triangle_ar_1p66_mean_l2_error": 0.995576798915863,
        "triangle_ar_2p0_total_prediction_time": 0.38048887252807617,
        "triangle_ar_2p0_total_prediction_samples": 400,
        "triangle_ar_2p0_max_l2_error": 1.278902530670166,
        "triangle_ar_2p0_min_l2_error": 1.1829856634140015,
        "triangle_ar_2p0_mean_l2_error": 1.209832787513733,
        "cylinder_half_total_prediction_time": 0.3860294818878174,
        "cylinder_half_total_prediction_samples": 400,
        "cylinder_half_max_l2_error": 0.5439820289611816,
        "cylinder_half_min_l2_error": 0.2590073049068451,
        "cylinder_half_mean_l2_error": 0.3523913621902466,
        "cylinder_half_flipped_total_prediction_time": 0.38567113876342773,
        "cylinder_half_flipped_total_prediction_samples": 400,
        "cylinder_half_flipped_max_l2_error": 0.6603285670280457,
        "cylinder_half_flipped_min_l2_error": 0.3115970194339752,
        "cylinder_half_flipped_mean_l2_error": 0.473420113325119
    }
}