{
    "counter": 0,
    "0": {
        "total_training_time": 265.5678000450134,
        "total_epochs": 441,
        "total_prediction_time": 1.8198089599609375,
        "total_prediction_samples": 320,
        "max_l2_error": 0.02781553752720356,
        "min_l2_error": 0.01831897720694542,
        "mean_l2_error": 0.023469284176826477,
        "diamond_ar_1p25_total_prediction_time": 2.1026928424835205,
        "diamond_ar_1p25_total_prediction_samples": 400,
        "diamond_ar_1p25_max_l2_error": 0.06111107021570206,
        "diamond_ar_1p25_min_l2_error": 0.040802884846925735,
        "diamond_ar_1p25_mean_l2_error": 0.049410443753004074,
        "diamond_ar_1p5_total_prediction_time": 0.5609254837036133,
        "diamond_ar_1p5_total_prediction_samples": 400,
        "diamond_ar_1p5_max_l2_error": 0.06197454780340195,
        "diamond_ar_1p5_min_l2_error": 0.04178231954574585,
        "diamond_ar_1p5_mean_l2_error": 0.05174253135919571,
        "diamond_ar_1p66_total_prediction_time": 0.5594234466552734,
        "diamond_ar_1p66_total_prediction_samples": 400,
        "diamond_ar_1p66_max_l2_error": 0.05414481833577156,
        "diamond_ar_1p66_min_l2_error": 0.0458173006772995,
        "diamond_ar_1p66_mean_l2_error": 0.048895321786403656,
        "diamond_ar_2p0_total_prediction_time": 0.5647897720336914,
        "diamond_ar_2p0_total_prediction_samples": 400,
        "diamond_ar_2p0_max_l2_error": 0.0563662126660347,
        "diamond_ar_2p0_min_l2_error": 0.056341152638196945,
        "diamond_ar_2p0_mean_l2_error": 0.056350305676460266,
        "triangle_ar_1p25_total_prediction_time": 0.5557019710540771,
        "triangle_ar_1p25_total_prediction_samples": 400,
        "triangle_ar_1p25_max_l2_error": 0.1504550278186798,
        "triangle_ar_1p25_min_l2_error": 0.10921582579612732,
        "triangle_ar_1p25_mean_l2_error": 0.1297379583120346,
        "triangle_ar_1p5_total_prediction_time": 0.5468714237213135,
        "triangle_ar_1p5_total_prediction_samples": 400,
        "triangle_ar_1p5_max_l2_error": 0.19490787386894226,
        "triangle_ar_1p5_min_l2_error": 0.15054942667484283,
        "triangle_ar_1p5_mean_l2_error": 0.17110803723335266,
        "triangle_ar_1p66_total_prediction_time": 0.5580399036407471,
        "triangle_ar_1p66_total_prediction_samples": 400,
        "triangle_ar_1p66_max_l2_error": 0.15128810703754425,
        "triangle_ar_1p66_min_l2_error": 0.13183490931987762,
        "triangle_ar_1p66_mean_l2_error": 0.14110267162322998,
        "triangle_ar_2p0_total_prediction_time": 0.5609171390533447,
        "triangle_ar_2p0_total_prediction_samples": 400,
        "triangle_ar_2p0_max_l2_error": 0.1138666495680809,
        "triangle_ar_2p0_min_l2_error": 0.11360874772071838,
        "triangle_ar_2p0_mean_l2_error": 0.11373405158519745,
        "cylinder_half_total_prediction_time": 0.5374026298522949,
        "cylinder_half_total_prediction_samples": 400,
        "cylinder_half_max_l2_error": 0.05648556724190712,
        "cylinder_half_min_l2_error": 0.0364605188369751,
        "cylinder_half_mean_l2_error": 0.04850509762763977,
        "cylinder_half_flipped_total_prediction_time": 0.5584590435028076,
        "cylinder_half_flipped_total_prediction_samples": 400,
        "cylinder_half_flipped_max_l2_error": 0.06003046780824661,
        "cylinder_half_flipped_min_l2_error": 0.04178435355424881,
        "cylinder_half_flipped_mean_l2_error": 0.04883040487766266
    }
}