{
    "counter": 0,
    "0": {
        "total_training_time": 460.091197013855,
        "total_epochs": 282,
        "total_prediction_time": 3.2693004608154297,
        "total_prediction_samples": 320,
        "max_l2_error": 0.03871072083711624,
        "min_l2_error": 0.024218829348683357,
        "mean_l2_error": 0.030672665685415268,
        "diamond_ar_1p25_total_prediction_time": 3.709503173828125,
        "diamond_ar_1p25_total_prediction_samples": 400,
        "diamond_ar_1p25_max_l2_error": 0.29567304253578186,
        "diamond_ar_1p25_min_l2_error": 0.13975797593593597,
        "diamond_ar_1p25_mean_l2_error": 0.2211359590291977,
        "diamond_ar_1p5_total_prediction_time": 0.7021517753601074,
        "diamond_ar_1p5_total_prediction_samples": 400,
        "diamond_ar_1p5_max_l2_error": 0.3815811276435852,
        "diamond_ar_1p5_min_l2_error": 0.26744890213012695,
        "diamond_ar_1p5_mean_l2_error": 0.31485623121261597,
        "diamond_ar_1p66_total_prediction_time": 0.6919994354248047,
        "diamond_ar_1p66_total_prediction_samples": 400,
        "diamond_ar_1p66_max_l2_error": 0.34439894556999207,
        "diamond_ar_1p66_min_l2_error": 0.3282575309276581,
        "diamond_ar_1p66_mean_l2_error": 0.33707115054130554,
        "diamond_ar_2p0_total_prediction_time": 0.7333714962005615,
        "diamond_ar_2p0_total_prediction_samples": 400,
        "diamond_ar_2p0_max_l2_error": 0.4403277337551117,
        "diamond_ar_2p0_min_l2_error": 0.4403219223022461,
        "diamond_ar_2p0_mean_l2_error": 0.4403242766857147,
        "triangle_ar_1p25_total_prediction_time": 0.7178876399993896,
        "triangle_ar_1p25_total_prediction_samples": 400,
        "triangle_ar_1p25_max_l2_error": 0.4830799996852875,
        "triangle_ar_1p25_min_l2_error": 0.2792923152446747,
        "triangle_ar_1p25_mean_l2_error": 0.37678292393684387,
        "triangle_ar_1p5_total_prediction_time": 0.7057218551635742,
        "triangle_ar_1p5_total_prediction_samples": 400,
        "triangle_ar_1p5_max_l2_error": 0.5227507948875427,
        "triangle_ar_1p5_min_l2_error": 0.35586217045783997,
        "triangle_ar_1p5_mean_l2_error": 0.419037401676178,
        "triangle_ar_1p66_total_prediction_time": 0.694798469543457,
        "triangle_ar_1p66_total_prediction_samples": 400,
        "triangle_ar_1p66_max_l2_error": 0.45876961946487427,
        "triangle_ar_1p66_min_l2_error": 0.41146525740623474,
        "triangle_ar_1p66_mean_l2_error": 0.43419894576072693,
        "triangle_ar_2p0_total_prediction_time": 0.7077953815460205,
        "triangle_ar_2p0_total_prediction_samples": 400,
        "triangle_ar_2p0_max_l2_error": 0.5201101899147034,
        "triangle_ar_2p0_min_l2_error": 0.5188760757446289,
        "triangle_ar_2p0_mean_l2_error": 0.5192867517471313,
        "cylinder_half_total_prediction_time": 0.7024490833282471,
        "cylinder_half_total_prediction_samples": 400,
        "cylinder_half_max_l2_error": 0.22079436480998993,
        "cylinder_half_min_l2_error": 0.11046109348535538,
        "cylinder_half_mean_l2_error": 0.16072329878807068,
        "cylinder_half_flipped_total_prediction_time": 0.7014350891113281,
        "cylinder_half_flipped_total_prediction_samples": 400,
        "cylinder_half_flipped_max_l2_error": 0.3040376603603363,
        "cylinder_half_flipped_min_l2_error": 0.12818999588489532,
        "cylinder_half_flipped_mean_l2_error": 0.20159940421581268
    }
}