{
    "counter": 0,
    "0": {
        "total_training_time": 230.12886333465576,
        "total_epochs": 165,
        "total_prediction_time": 3.7957284450531006,
        "total_prediction_samples": 320,
        "max_l2_error": 0.02099829912185669,
        "min_l2_error": 0.015747947618365288,
        "mean_l2_error": 0.017776619642972946,
        "diamond_ar_1p25_total_prediction_time": 3.6048226356506348,
        "diamond_ar_1p25_total_prediction_samples": 400,
        "diamond_ar_1p25_max_l2_error": 0.040125105530023575,
        "diamond_ar_1p25_min_l2_error": 0.025515729561448097,
        "diamond_ar_1p25_mean_l2_error": 0.032648056745529175,
        "diamond_ar_1p5_total_prediction_time": 0.5908963680267334,
        "diamond_ar_1p5_total_prediction_samples": 400,
        "diamond_ar_1p5_max_l2_error": 0.037661321461200714,
        "diamond_ar_1p5_min_l2_error": 0.02635832130908966,
        "diamond_ar_1p5_mean_l2_error": 0.03250686824321747,
        "diamond_ar_1p66_total_prediction_time": 0.5748453140258789,
        "diamond_ar_1p66_total_prediction_samples": 400,
        "diamond_ar_1p66_max_l2_error": 0.03903588652610779,
        "diamond_ar_1p66_min_l2_error": 0.03243774175643921,
        "diamond_ar_1p66_mean_l2_error": 0.035698577761650085,
        "diamond_ar_2p0_total_prediction_time": 0.5788555145263672,
        "diamond_ar_2p0_total_prediction_samples": 400,
        "diamond_ar_2p0_max_l2_error": 0.04999593645334244,
        "diamond_ar_2p0_min_l2_error": 0.04999391734600067,
        "diamond_ar_2p0_mean_l2_error": 0.04999468848109245,
        "triangle_ar_1p25_total_prediction_time": 0.5725231170654297,
        "triangle_ar_1p25_total_prediction_samples": 400,
        "triangle_ar_1p25_max_l2_error": 0.13050976395606995,
        "triangle_ar_1p25_min_l2_error": 0.08982120454311371,
        "triangle_ar_1p25_mean_l2_error": 0.11260319501161575,
        "triangle_ar_1p5_total_prediction_time": 0.5720875263214111,
        "triangle_ar_1p5_total_prediction_samples": 400,
        "triangle_ar_1p5_max_l2_error": 0.18498173356056213,
        "triangle_ar_1p5_min_l2_error": 0.12092927098274231,
        "triangle_ar_1p5_mean_l2_error": 0.15515369176864624,
        "triangle_ar_1p66_total_prediction_time": 0.5726308822631836,
        "triangle_ar_1p66_total_prediction_samples": 400,
        "triangle_ar_1p66_max_l2_error": 0.1365586668252945,
        "triangle_ar_1p66_min_l2_error": 0.10949204862117767,
        "triangle_ar_1p66_mean_l2_error": 0.12355926632881165,
        "triangle_ar_2p0_total_prediction_time": 0.5761814117431641,
        "triangle_ar_2p0_total_prediction_samples": 400,
        "triangle_ar_2p0_max_l2_error": 0.11831110715866089,
        "triangle_ar_2p0_min_l2_error": 0.118092842400074,
        "triangle_ar_2p0_mean_l2_error": 0.11821183562278748,
        "cylinder_half_total_prediction_time": 0.5725767612457275,
        "cylinder_half_total_prediction_samples": 400,
        "cylinder_half_max_l2_error": 0.055378008633852005,
        "cylinder_half_min_l2_error": 0.029851730912923813,
        "cylinder_half_mean_l2_error": 0.03870222344994545,
        "cylinder_half_flipped_total_prediction_time": 0.5668745040893555,
        "cylinder_half_flipped_total_prediction_samples": 400,
        "cylinder_half_flipped_max_l2_error": 0.055506739765405655,
        "cylinder_half_flipped_min_l2_error": 0.02956348843872547,
        "cylinder_half_flipped_mean_l2_error": 0.040968820452690125
    }
}