{
    "counter": 0,
    "0": {
        "total_training_time": 455.8110330104828,
        "total_epochs": 277,
        "total_prediction_time": 3.5035629272460938,
        "total_prediction_samples": 320,
        "max_l2_error": 0.2864745259284973,
        "min_l2_error": 0.09330512583255768,
        "mean_l2_error": 0.1417752206325531,
        "diamond_ar_1p25_total_prediction_time": 3.729583501815796,
        "diamond_ar_1p25_total_prediction_samples": 400,
        "diamond_ar_1p25_max_l2_error": 0.738300085067749,
        "diamond_ar_1p25_min_l2_error": 0.2873227298259735,
        "diamond_ar_1p25_mean_l2_error": 0.4060717523097992,
        "diamond_ar_1p5_total_prediction_time": 0.7254805564880371,
        "diamond_ar_1p5_total_prediction_samples": 400,
        "diamond_ar_1p5_max_l2_error": 1.0723243951797485,
        "diamond_ar_1p5_min_l2_error": 0.5069800615310669,
        "diamond_ar_1p5_mean_l2_error": 0.6884593367576599,
        "diamond_ar_1p66_total_prediction_time": 0.6989448070526123,
        "diamond_ar_1p66_total_prediction_samples": 400,
        "diamond_ar_1p66_max_l2_error": 1.168886423110962,
        "diamond_ar_1p66_min_l2_error": 0.756941556930542,
        "diamond_ar_1p66_mean_l2_error": 0.9043952822685242,
        "diamond_ar_2p0_total_prediction_time": 0.6861670017242432,
        "diamond_ar_2p0_total_prediction_samples": 400,
        "diamond_ar_2p0_max_l2_error": 1.015721082687378,
        "diamond_ar_2p0_min_l2_error": 1.015689492225647,
        "diamond_ar_2p0_mean_l2_error": 1.0157054662704468,
        "triangle_ar_1p25_total_prediction_time": 0.7047226428985596,
        "triangle_ar_1p25_total_prediction_samples": 400,
        "triangle_ar_1p25_max_l2_error": 1.17890465259552,
        "triangle_ar_1p25_min_l2_error": 0.45106539130210876,
        "triangle_ar_1p25_mean_l2_error": 0.5997009873390198,
        "triangle_ar_1p5_total_prediction_time": 0.6827743053436279,
        "triangle_ar_1p5_total_prediction_samples": 400,
        "triangle_ar_1p5_max_l2_error": 1.3558812141418457,
        "triangle_ar_1p5_min_l2_error": 0.5737507939338684,
        "triangle_ar_1p5_mean_l2_error": 0.7363575100898743,
        "triangle_ar_1p66_total_prediction_time": 0.7230191230773926,
        "triangle_ar_1p66_total_prediction_samples": 400,
        "triangle_ar_1p66_max_l2_error": 1.5085563659667969,
        "triangle_ar_1p66_min_l2_error": 0.7372584939002991,
        "triangle_ar_1p66_mean_l2_error": 0.9381932020187378,
        "triangle_ar_2p0_total_prediction_time": 0.7160365581512451,
        "triangle_ar_2p0_total_prediction_samples": 400,
        "triangle_ar_2p0_max_l2_error": 1.220505714416504,
        "triangle_ar_2p0_min_l2_error": 1.1814311742782593,
        "triangle_ar_2p0_mean_l2_error": 1.1929148435592651,
        "cylinder_half_total_prediction_time": 0.7211759090423584,
        "cylinder_half_total_prediction_samples": 400,
        "cylinder_half_max_l2_error": 0.4486108422279358,
        "cylinder_half_min_l2_error": 0.2541557550430298,
        "cylinder_half_mean_l2_error": 0.3296573758125305,
        "cylinder_half_flipped_total_prediction_time": 0.7214760780334473,
        "cylinder_half_flipped_total_prediction_samples": 400,
        "cylinder_half_flipped_max_l2_error": 0.6552718877792358,
        "cylinder_half_flipped_min_l2_error": 0.3557036519050598,
        "cylinder_half_flipped_mean_l2_error": 0.4640718102455139
    }
}