{
    "counter": 0,
    "0": {
        "total_training_time": 350.1936593055725,
        "total_epochs": 266,
        "total_prediction_time": 1.9318647384643555,
        "total_prediction_samples": 320,
        "max_l2_error": 0.04618251696228981,
        "min_l2_error": 0.026583120226860046,
        "mean_l2_error": 0.031571708619594574,
        "diamond_ar_1p25_total_prediction_time": 2.0972321033477783,
        "diamond_ar_1p25_total_prediction_samples": 400,
        "diamond_ar_1p25_max_l2_error": 0.29449233412742615,
        "diamond_ar_1p25_min_l2_error": 0.13106413185596466,
        "diamond_ar_1p25_mean_l2_error": 0.2178536057472229,
        "diamond_ar_1p5_total_prediction_time": 0.43456459045410156,
        "diamond_ar_1p5_total_prediction_samples": 400,
        "diamond_ar_1p5_max_l2_error": 0.3809811472892761,
        "diamond_ar_1p5_min_l2_error": 0.25076407194137573,
        "diamond_ar_1p5_mean_l2_error": 0.3263095021247864,
        "diamond_ar_1p66_total_prediction_time": 0.4310173988342285,
        "diamond_ar_1p66_total_prediction_samples": 400,
        "diamond_ar_1p66_max_l2_error": 0.38030943274497986,
        "diamond_ar_1p66_min_l2_error": 0.3375631868839264,
        "diamond_ar_1p66_mean_l2_error": 0.3597027063369751,
        "diamond_ar_2p0_total_prediction_time": 0.448606014251709,
        "diamond_ar_2p0_total_prediction_samples": 400,
        "diamond_ar_2p0_max_l2_error": 0.4747728109359741,
        "diamond_ar_2p0_min_l2_error": 0.47476670145988464,
        "diamond_ar_2p0_mean_l2_error": 0.47476959228515625,
        "triangle_ar_1p25_total_prediction_time": 0.44881391525268555,
        "triangle_ar_1p25_total_prediction_samples": 400,
        "triangle_ar_1p25_max_l2_error": 0.45718497037887573,
        "triangle_ar_1p25_min_l2_error": 0.2829630970954895,
        "triangle_ar_1p25_mean_l2_error": 0.3678627908229828,
        "triangle_ar_1p5_total_prediction_time": 0.4551730155944824,
        "triangle_ar_1p5_total_prediction_samples": 400,
        "triangle_ar_1p5_max_l2_error": 0.5231613516807556,
        "triangle_ar_1p5_min_l2_error": 0.36395522952079773,
        "triangle_ar_1p5_mean_l2_error": 0.44815772771835327,
        "triangle_ar_1p66_total_prediction_time": 0.4398641586303711,
        "triangle_ar_1p66_total_prediction_samples": 400,
        "triangle_ar_1p66_max_l2_error": 0.48309826850891113,
        "triangle_ar_1p66_min_l2_error": 0.41915786266326904,
        "triangle_ar_1p66_mean_l2_error": 0.45708519220352173,
        "triangle_ar_2p0_total_prediction_time": 0.4407062530517578,
        "triangle_ar_2p0_total_prediction_samples": 400,
        "triangle_ar_2p0_max_l2_error": 0.5498823523521423,
        "triangle_ar_2p0_min_l2_error": 0.548491895198822,
        "triangle_ar_2p0_mean_l2_error": 0.5490432977676392,
        "cylinder_half_total_prediction_time": 0.4368712902069092,
        "cylinder_half_total_prediction_samples": 400,
        "cylinder_half_max_l2_error": 0.23917166888713837,
        "cylinder_half_min_l2_error": 0.10912657529115677,
        "cylinder_half_mean_l2_error": 0.16666196286678314,
        "cylinder_half_flipped_total_prediction_time": 0.44721412658691406,
        "cylinder_half_flipped_total_prediction_samples": 400,
        "cylinder_half_flipped_max_l2_error": 0.32520732283592224,
        "cylinder_half_flipped_min_l2_error": 0.11995863169431686,
        "cylinder_half_flipped_mean_l2_error": 0.21548429131507874
    }
}