{
    "counter": 0,
    "0": {
        "total_training_time": 101.63213729858398,
        "total_epochs": 405,
        "total_prediction_time": 0.2637977600097656,
        "total_prediction_samples": 320,
        "max_l2_error": 0.026113180443644524,
        "min_l2_error": 0.018838349729776382,
        "mean_l2_error": 0.022096876055002213,
        "diamond_ar_1p25_total_prediction_time": 0.1775214672088623,
        "diamond_ar_1p25_total_prediction_samples": 400,
        "diamond_ar_1p25_max_l2_error": 0.05709247663617134,
        "diamond_ar_1p25_min_l2_error": 0.03838357329368591,
        "diamond_ar_1p25_mean_l2_error": 0.04682203754782677,
        "diamond_ar_1p5_total_prediction_time": 0.11058449745178223,
        "diamond_ar_1p5_total_prediction_samples": 400,
        "diamond_ar_1p5_max_l2_error": 0.05275861173868179,
        "diamond_ar_1p5_min_l2_error": 0.047252073884010315,
        "diamond_ar_1p5_mean_l2_error": 0.049639008939266205,
        "diamond_ar_1p66_total_prediction_time": 0.10854244232177734,
        "diamond_ar_1p66_total_prediction_samples": 400,
        "diamond_ar_1p66_max_l2_error": 0.051395073533058167,
        "diamond_ar_1p66_min_l2_error": 0.0457233302295208,
        "diamond_ar_1p66_mean_l2_error": 0.04890312999486923,
        "diamond_ar_2p0_total_prediction_time": 0.11029911041259766,
        "diamond_ar_2p0_total_prediction_samples": 400,
        "diamond_ar_2p0_max_l2_error": 0.06381350010633469,
        "diamond_ar_2p0_min_l2_error": 0.06378865987062454,
        "diamond_ar_2p0_mean_l2_error": 0.06380075216293335,
        "triangle_ar_1p25_total_prediction_time": 0.10848736763000488,
        "triangle_ar_1p25_total_prediction_samples": 400,
        "triangle_ar_1p25_max_l2_error": 0.1659913957118988,
        "triangle_ar_1p25_min_l2_error": 0.10851854085922241,
        "triangle_ar_1p25_mean_l2_error": 0.13893696665763855,
        "triangle_ar_1p5_total_prediction_time": 0.10949516296386719,
        "triangle_ar_1p5_total_prediction_samples": 400,
        "triangle_ar_1p5_max_l2_error": 0.18927264213562012,
        "triangle_ar_1p5_min_l2_error": 0.14980711042881012,
        "triangle_ar_1p5_mean_l2_error": 0.169846311211586,
        "triangle_ar_1p66_total_prediction_time": 0.11054539680480957,
        "triangle_ar_1p66_total_prediction_samples": 400,
        "triangle_ar_1p66_max_l2_error": 0.15463566780090332,
        "triangle_ar_1p66_min_l2_error": 0.14313112199306488,
        "triangle_ar_1p66_mean_l2_error": 0.14905475080013275,
        "triangle_ar_2p0_total_prediction_time": 0.10850858688354492,
        "triangle_ar_2p0_total_prediction_samples": 400,
        "triangle_ar_2p0_max_l2_error": 0.12802106142044067,
        "triangle_ar_2p0_min_l2_error": 0.12795601785182953,
        "triangle_ar_2p0_mean_l2_error": 0.12798041105270386,
        "cylinder_half_total_prediction_time": 0.11051774024963379,
        "cylinder_half_total_prediction_samples": 400,
        "cylinder_half_max_l2_error": 0.058060258626937866,
        "cylinder_half_min_l2_error": 0.038750916719436646,
        "cylinder_half_mean_l2_error": 0.047945536673069,
        "cylinder_half_flipped_total_prediction_time": 0.10936498641967773,
        "cylinder_half_flipped_total_prediction_samples": 400,
        "cylinder_half_flipped_max_l2_error": 0.0609460175037384,
        "cylinder_half_flipped_min_l2_error": 0.03737759217619896,
        "cylinder_half_flipped_mean_l2_error": 0.0478798970580101
    }
}