{
    "counter": 0,
    "0": {
        "total_training_time": 999.9806349277496,
        "total_epochs": 301,
        "total_prediction_time": 0.3879067897796631,
        "total_prediction_samples": 320,
        "max_l2_error": 0.22878681123256683,
        "min_l2_error": 0.09929269552230835,
        "mean_l2_error": 0.14373378455638885,
        "diamond_ar_1p25_total_prediction_time": 0.4619920253753662,
        "diamond_ar_1p25_total_prediction_samples": 400,
        "diamond_ar_1p25_max_l2_error": 0.6395826935768127,
        "diamond_ar_1p25_min_l2_error": 0.297777384519577,
        "diamond_ar_1p25_mean_l2_error": 0.4082975685596466,
        "diamond_ar_1p5_total_prediction_time": 0.3292686939239502,
        "diamond_ar_1p5_total_prediction_samples": 400,
        "diamond_ar_1p5_max_l2_error": 1.105059266090393,
        "diamond_ar_1p5_min_l2_error": 0.5531827807426453,
        "diamond_ar_1p5_mean_l2_error": 0.703450620174408,
        "diamond_ar_1p66_total_prediction_time": 0.328096866607666,
        "diamond_ar_1p66_total_prediction_samples": 400,
        "diamond_ar_1p66_max_l2_error": 1.335301399230957,
        "diamond_ar_1p66_min_l2_error": 0.8210179209709167,
        "diamond_ar_1p66_mean_l2_error": 0.9688540101051331,
        "diamond_ar_2p0_total_prediction_time": 0.3275573253631592,
        "diamond_ar_2p0_total_prediction_samples": 400,
        "diamond_ar_2p0_max_l2_error": 1.105895757675171,
        "diamond_ar_2p0_min_l2_error": 1.1057721376419067,
        "diamond_ar_2p0_mean_l2_error": 1.1058300733566284,
        "triangle_ar_1p25_total_prediction_time": 0.3290371894836426,
        "triangle_ar_1p25_total_prediction_samples": 400,
        "triangle_ar_1p25_max_l2_error": 1.0450499057769775,
        "triangle_ar_1p25_min_l2_error": 0.4590767025947571,
        "triangle_ar_1p25_mean_l2_error": 0.598142683506012,
        "triangle_ar_1p5_total_prediction_time": 0.32590246200561523,
        "triangle_ar_1p5_total_prediction_samples": 400,
        "triangle_ar_1p5_max_l2_error": 1.4111319780349731,
        "triangle_ar_1p5_min_l2_error": 0.5872442722320557,
        "triangle_ar_1p5_mean_l2_error": 0.7569109201431274,
        "triangle_ar_1p66_total_prediction_time": 0.3145885467529297,
        "triangle_ar_1p66_total_prediction_samples": 400,
        "triangle_ar_1p66_max_l2_error": 1.4794785976409912,
        "triangle_ar_1p66_min_l2_error": 0.7364397644996643,
        "triangle_ar_1p66_mean_l2_error": 0.9668693542480469,
        "triangle_ar_2p0_total_prediction_time": 0.31380534172058105,
        "triangle_ar_2p0_total_prediction_samples": 400,
        "triangle_ar_2p0_max_l2_error": 1.4696985483169556,
        "triangle_ar_2p0_min_l2_error": 1.4111689329147339,
        "triangle_ar_2p0_mean_l2_error": 1.462976098060608,
        "cylinder_half_total_prediction_time": 0.314420223236084,
        "cylinder_half_total_prediction_samples": 400,
        "cylinder_half_max_l2_error": 0.5160061120986938,
        "cylinder_half_min_l2_error": 0.24897800385951996,
        "cylinder_half_mean_l2_error": 0.3223721385002136,
        "cylinder_half_flipped_total_prediction_time": 0.32669878005981445,
        "cylinder_half_flipped_total_prediction_samples": 400,
        "cylinder_half_flipped_max_l2_error": 0.69475257396698,
        "cylinder_half_flipped_min_l2_error": 0.35136479139328003,
        "cylinder_half_flipped_mean_l2_error": 0.4646935760974884
    }
}