{
    "counter": 0,
    "0": {
        "total_training_time": 1067.7918252944946,
        "total_epochs": 323,
        "total_prediction_time": 0.3873436450958252,
        "total_prediction_samples": 320,
        "max_l2_error": 0.037514254450798035,
        "min_l2_error": 0.02273290976881981,
        "mean_l2_error": 0.027315150946378708,
        "diamond_ar_1p25_total_prediction_time": 0.4576988220214844,
        "diamond_ar_1p25_total_prediction_samples": 400,
        "diamond_ar_1p25_max_l2_error": 0.3064630925655365,
        "diamond_ar_1p25_min_l2_error": 0.12477289885282516,
        "diamond_ar_1p25_mean_l2_error": 0.21259942650794983,
        "diamond_ar_1p5_total_prediction_time": 0.32361721992492676,
        "diamond_ar_1p5_total_prediction_samples": 400,
        "diamond_ar_1p5_max_l2_error": 0.38111093640327454,
        "diamond_ar_1p5_min_l2_error": 0.2356361746788025,
        "diamond_ar_1p5_mean_l2_error": 0.3044210374355316,
        "diamond_ar_1p66_total_prediction_time": 0.3190946578979492,
        "diamond_ar_1p66_total_prediction_samples": 400,
        "diamond_ar_1p66_max_l2_error": 0.3440585732460022,
        "diamond_ar_1p66_min_l2_error": 0.30653703212738037,
        "diamond_ar_1p66_mean_l2_error": 0.3266613781452179,
        "diamond_ar_2p0_total_prediction_time": 0.3178119659423828,
        "diamond_ar_2p0_total_prediction_samples": 400,
        "diamond_ar_2p0_max_l2_error": 0.45365262031555176,
        "diamond_ar_2p0_min_l2_error": 0.4536474943161011,
        "diamond_ar_2p0_mean_l2_error": 0.45364975929260254,
        "triangle_ar_1p25_total_prediction_time": 0.316448450088501,
        "triangle_ar_1p25_total_prediction_samples": 400,
        "triangle_ar_1p25_max_l2_error": 0.47515788674354553,
        "triangle_ar_1p25_min_l2_error": 0.25490692257881165,
        "triangle_ar_1p25_mean_l2_error": 0.3590291738510132,
        "triangle_ar_1p5_total_prediction_time": 0.31981348991394043,
        "triangle_ar_1p5_total_prediction_samples": 400,
        "triangle_ar_1p5_max_l2_error": 0.5271338820457458,
        "triangle_ar_1p5_min_l2_error": 0.35311415791511536,
        "triangle_ar_1p5_mean_l2_error": 0.4274578392505646,
        "triangle_ar_1p66_total_prediction_time": 0.30792832374572754,
        "triangle_ar_1p66_total_prediction_samples": 400,
        "triangle_ar_1p66_max_l2_error": 0.46236318349838257,
        "triangle_ar_1p66_min_l2_error": 0.4075450301170349,
        "triangle_ar_1p66_mean_l2_error": 0.43396157026290894,
        "triangle_ar_2p0_total_prediction_time": 0.30829620361328125,
        "triangle_ar_2p0_total_prediction_samples": 400,
        "triangle_ar_2p0_max_l2_error": 0.5558967590332031,
        "triangle_ar_2p0_min_l2_error": 0.5554655194282532,
        "triangle_ar_2p0_mean_l2_error": 0.5557291507720947,
        "cylinder_half_total_prediction_time": 0.30948686599731445,
        "cylinder_half_total_prediction_samples": 400,
        "cylinder_half_max_l2_error": 0.2140849083662033,
        "cylinder_half_min_l2_error": 0.11761737614870071,
        "cylinder_half_mean_l2_error": 0.16699424386024475,
        "cylinder_half_flipped_total_prediction_time": 0.3200845718383789,
        "cylinder_half_flipped_total_prediction_samples": 400,
        "cylinder_half_flipped_max_l2_error": 0.31071963906288147,
        "cylinder_half_flipped_min_l2_error": 0.14519955217838287,
        "cylinder_half_flipped_mean_l2_error": 0.22822052240371704
    }
}