{
    "counter": 0,
    "0": {
        "total_training_time": 208.84125399589539,
        "total_epochs": 302,
        "total_prediction_time": 1.9123568534851074,
        "total_prediction_samples": 320,
        "max_l2_error": 0.048305001109838486,
        "min_l2_error": 0.03649889677762985,
        "mean_l2_error": 0.042000871151685715,
        "diamond_ar_1p25_total_prediction_time": 2.4181923866271973,
        "diamond_ar_1p25_total_prediction_samples": 400,
        "diamond_ar_1p25_max_l2_error": 0.06725609302520752,
        "diamond_ar_1p25_min_l2_error": 0.045049071311950684,
        "diamond_ar_1p25_mean_l2_error": 0.05463191121816635,
        "diamond_ar_1p5_total_prediction_time": 0.542316198348999,
        "diamond_ar_1p5_total_prediction_samples": 400,
        "diamond_ar_1p5_max_l2_error": 0.07111633569002151,
        "diamond_ar_1p5_min_l2_error": 0.04977177828550339,
        "diamond_ar_1p5_mean_l2_error": 0.0612122043967247,
        "diamond_ar_1p66_total_prediction_time": 0.554166316986084,
        "diamond_ar_1p66_total_prediction_samples": 400,
        "diamond_ar_1p66_max_l2_error": 0.06572245806455612,
        "diamond_ar_1p66_min_l2_error": 0.058854296803474426,
        "diamond_ar_1p66_mean_l2_error": 0.06189238652586937,
        "diamond_ar_2p0_total_prediction_time": 0.5433478355407715,
        "diamond_ar_2p0_total_prediction_samples": 400,
        "diamond_ar_2p0_max_l2_error": 0.06742224842309952,
        "diamond_ar_2p0_min_l2_error": 0.06739909201860428,
        "diamond_ar_2p0_mean_l2_error": 0.06740914285182953,
        "triangle_ar_1p25_total_prediction_time": 0.5504934787750244,
        "triangle_ar_1p25_total_prediction_samples": 400,
        "triangle_ar_1p25_max_l2_error": 0.16766341030597687,
        "triangle_ar_1p25_min_l2_error": 0.11963339895009995,
        "triangle_ar_1p25_mean_l2_error": 0.14324268698692322,
        "triangle_ar_1p5_total_prediction_time": 0.5382523536682129,
        "triangle_ar_1p5_total_prediction_samples": 400,
        "triangle_ar_1p5_max_l2_error": 0.20563752949237823,
        "triangle_ar_1p5_min_l2_error": 0.15883441269397736,
        "triangle_ar_1p5_mean_l2_error": 0.18331895768642426,
        "triangle_ar_1p66_total_prediction_time": 0.545508623123169,
        "triangle_ar_1p66_total_prediction_samples": 400,
        "triangle_ar_1p66_max_l2_error": 0.16443392634391785,
        "triangle_ar_1p66_min_l2_error": 0.15144823491573334,
        "triangle_ar_1p66_mean_l2_error": 0.15754163265228271,
        "triangle_ar_2p0_total_prediction_time": 0.5541629791259766,
        "triangle_ar_2p0_total_prediction_samples": 400,
        "triangle_ar_2p0_max_l2_error": 0.1225397065281868,
        "triangle_ar_2p0_min_l2_error": 0.12245163321495056,
        "triangle_ar_2p0_mean_l2_error": 0.12249060720205307,
        "cylinder_half_total_prediction_time": 0.552046537399292,
        "cylinder_half_total_prediction_samples": 400,
        "cylinder_half_max_l2_error": 0.07107648998498917,
        "cylinder_half_min_l2_error": 0.05522068589925766,
        "cylinder_half_mean_l2_error": 0.06200926750898361,
        "cylinder_half_flipped_total_prediction_time": 0.5510010719299316,
        "cylinder_half_flipped_total_prediction_samples": 400,
        "cylinder_half_flipped_max_l2_error": 0.06263506412506104,
        "cylinder_half_flipped_min_l2_error": 0.04871915653347969,
        "cylinder_half_flipped_mean_l2_error": 0.05522359907627106
    }
}