{
    "counter": 0,
    "0": {
        "total_training_time": 831.5223655700684,
        "total_epochs": 205,
        "total_prediction_time": 1.1631042957305908,
        "total_prediction_samples": 320,
        "max_l2_error": 0.02350773476064205,
        "min_l2_error": 0.018630709499120712,
        "mean_l2_error": 0.020705418661236763,
        "diamond_ar_1p25_total_prediction_time": 0.8977756500244141,
        "diamond_ar_1p25_total_prediction_samples": 400,
        "diamond_ar_1p25_max_l2_error": 0.038311369717121124,
        "diamond_ar_1p25_min_l2_error": 0.029696332290768623,
        "diamond_ar_1p25_mean_l2_error": 0.03498666360974312,
        "diamond_ar_1p5_total_prediction_time": 0.32822346687316895,
        "diamond_ar_1p5_total_prediction_samples": 400,
        "diamond_ar_1p5_max_l2_error": 0.036675069481134415,
        "diamond_ar_1p5_min_l2_error": 0.02740887738764286,
        "diamond_ar_1p5_mean_l2_error": 0.031482238322496414,
        "diamond_ar_1p66_total_prediction_time": 0.3238663673400879,
        "diamond_ar_1p66_total_prediction_samples": 400,
        "diamond_ar_1p66_max_l2_error": 0.033459633588790894,
        "diamond_ar_1p66_min_l2_error": 0.02783559262752533,
        "diamond_ar_1p66_mean_l2_error": 0.030162310227751732,
        "diamond_ar_2p0_total_prediction_time": 0.32357263565063477,
        "diamond_ar_2p0_total_prediction_samples": 400,
        "diamond_ar_2p0_max_l2_error": 0.0340031199157238,
        "diamond_ar_2p0_min_l2_error": 0.034000787883996964,
        "diamond_ar_2p0_mean_l2_error": 0.03400195762515068,
        "triangle_ar_1p25_total_prediction_time": 0.3289034366607666,
        "triangle_ar_1p25_total_prediction_samples": 400,
        "triangle_ar_1p25_max_l2_error": 0.1251639425754547,
        "triangle_ar_1p25_min_l2_error": 0.1001751646399498,
        "triangle_ar_1p25_mean_l2_error": 0.11325614899396896,
        "triangle_ar_1p5_total_prediction_time": 0.3101050853729248,
        "triangle_ar_1p5_total_prediction_samples": 400,
        "triangle_ar_1p5_max_l2_error": 0.1732688993215561,
        "triangle_ar_1p5_min_l2_error": 0.12601904571056366,
        "triangle_ar_1p5_mean_l2_error": 0.14823496341705322,
        "triangle_ar_1p66_total_prediction_time": 0.3246901035308838,
        "triangle_ar_1p66_total_prediction_samples": 400,
        "triangle_ar_1p66_max_l2_error": 0.14035947620868683,
        "triangle_ar_1p66_min_l2_error": 0.11676025390625,
        "triangle_ar_1p66_mean_l2_error": 0.12662287056446075,
        "triangle_ar_2p0_total_prediction_time": 0.31081628799438477,
        "triangle_ar_2p0_total_prediction_samples": 400,
        "triangle_ar_2p0_max_l2_error": 0.07817345857620239,
        "triangle_ar_2p0_min_l2_error": 0.07804740965366364,
        "triangle_ar_2p0_mean_l2_error": 0.07811715453863144,
        "cylinder_half_total_prediction_time": 0.31049251556396484,
        "cylinder_half_total_prediction_samples": 400,
        "cylinder_half_max_l2_error": 0.048563502728939056,
        "cylinder_half_min_l2_error": 0.030821122229099274,
        "cylinder_half_mean_l2_error": 0.04054640606045723,
        "cylinder_half_flipped_total_prediction_time": 0.32236576080322266,
        "cylinder_half_flipped_total_prediction_samples": 400,
        "cylinder_half_flipped_max_l2_error": 0.051077619194984436,
        "cylinder_half_flipped_min_l2_error": 0.030082080513238907,
        "cylinder_half_flipped_mean_l2_error": 0.039661359041929245
    }
}