{
    "counter": 0,
    "0": {
        "total_training_time": 1738.976978302002,
        "total_epochs": 345,
        "total_prediction_time": 1.2513110637664795,
        "total_prediction_samples": 320,
        "max_l2_error": 0.015102025121450424,
        "min_l2_error": 0.011597761884331703,
        "mean_l2_error": 0.013363493606448174,
        "diamond_ar_1p25_total_prediction_time": 1.065225601196289,
        "diamond_ar_1p25_total_prediction_samples": 400,
        "diamond_ar_1p25_max_l2_error": 0.034753501415252686,
        "diamond_ar_1p25_min_l2_error": 0.024429425597190857,
        "diamond_ar_1p25_mean_l2_error": 0.02875872328877449,
        "diamond_ar_1p5_total_prediction_time": 0.3831346035003662,
        "diamond_ar_1p5_total_prediction_samples": 400,
        "diamond_ar_1p5_max_l2_error": 0.038379427045583725,
        "diamond_ar_1p5_min_l2_error": 0.027258772403001785,
        "diamond_ar_1p5_mean_l2_error": 0.03159690275788307,
        "diamond_ar_1p66_total_prediction_time": 0.3897886276245117,
        "diamond_ar_1p66_total_prediction_samples": 400,
        "diamond_ar_1p66_max_l2_error": 0.030562404543161392,
        "diamond_ar_1p66_min_l2_error": 0.02612358331680298,
        "diamond_ar_1p66_mean_l2_error": 0.028257809579372406,
        "diamond_ar_2p0_total_prediction_time": 0.389801025390625,
        "diamond_ar_2p0_total_prediction_samples": 400,
        "diamond_ar_2p0_max_l2_error": 0.030430831015110016,
        "diamond_ar_2p0_min_l2_error": 0.030429212376475334,
        "diamond_ar_2p0_mean_l2_error": 0.030430132523179054,
        "triangle_ar_1p25_total_prediction_time": 0.39055800437927246,
        "triangle_ar_1p25_total_prediction_samples": 400,
        "triangle_ar_1p25_max_l2_error": 0.11539015918970108,
        "triangle_ar_1p25_min_l2_error": 0.08129198104143143,
        "triangle_ar_1p25_mean_l2_error": 0.10028328746557236,
        "triangle_ar_1p5_total_prediction_time": 0.3831355571746826,
        "triangle_ar_1p5_total_prediction_samples": 400,
        "triangle_ar_1p5_max_l2_error": 0.17684057354927063,
        "triangle_ar_1p5_min_l2_error": 0.1169169694185257,
        "triangle_ar_1p5_mean_l2_error": 0.1458006054162979,
        "triangle_ar_1p66_total_prediction_time": 0.390575647354126,
        "triangle_ar_1p66_total_prediction_samples": 400,
        "triangle_ar_1p66_max_l2_error": 0.1263790726661682,
        "triangle_ar_1p66_min_l2_error": 0.10965299606323242,
        "triangle_ar_1p66_mean_l2_error": 0.11677627265453339,
        "triangle_ar_2p0_total_prediction_time": 0.3872394561767578,
        "triangle_ar_2p0_total_prediction_samples": 400,
        "triangle_ar_2p0_max_l2_error": 0.0787774994969368,
        "triangle_ar_2p0_min_l2_error": 0.07852250337600708,
        "triangle_ar_2p0_mean_l2_error": 0.0786358192563057,
        "cylinder_half_total_prediction_time": 0.3929440975189209,
        "cylinder_half_total_prediction_samples": 400,
        "cylinder_half_max_l2_error": 0.05199766904115677,
        "cylinder_half_min_l2_error": 0.029394494369626045,
        "cylinder_half_mean_l2_error": 0.036104924976825714,
        "cylinder_half_flipped_total_prediction_time": 0.3836355209350586,
        "cylinder_half_flipped_total_prediction_samples": 400,
        "cylinder_half_flipped_max_l2_error": 0.058721430599689484,
        "cylinder_half_flipped_min_l2_error": 0.029774243012070656,
        "cylinder_half_flipped_mean_l2_error": 0.040993932634592056
    }
}