{
    "counter": 0,
    "0": {
        "total_training_time": 253.7779176235199,
        "total_epochs": 517,
        "total_prediction_time": 1.7145271301269531,
        "total_prediction_samples": 320,
        "max_l2_error": 0.13763071596622467,
        "min_l2_error": 0.053656287491321564,
        "mean_l2_error": 0.08478599786758423,
        "diamond_ar_1p25_total_prediction_time": 1.9355955123901367,
        "diamond_ar_1p25_total_prediction_samples": 400,
        "diamond_ar_1p25_max_l2_error": 0.0858534574508667,
        "diamond_ar_1p25_min_l2_error": 0.06691797822713852,
        "diamond_ar_1p25_mean_l2_error": 0.07623317837715149,
        "diamond_ar_1p5_total_prediction_time": 0.44321393966674805,
        "diamond_ar_1p5_total_prediction_samples": 400,
        "diamond_ar_1p5_max_l2_error": 0.07940886914730072,
        "diamond_ar_1p5_min_l2_error": 0.06847017258405685,
        "diamond_ar_1p5_mean_l2_error": 0.07480453699827194,
        "diamond_ar_1p66_total_prediction_time": 0.4595909118652344,
        "diamond_ar_1p66_total_prediction_samples": 400,
        "diamond_ar_1p66_max_l2_error": 0.07597839832305908,
        "diamond_ar_1p66_min_l2_error": 0.06789273768663406,
        "diamond_ar_1p66_mean_l2_error": 0.07212235778570175,
        "diamond_ar_2p0_total_prediction_time": 0.4552168846130371,
        "diamond_ar_2p0_total_prediction_samples": 400,
        "diamond_ar_2p0_max_l2_error": 0.08636186271905899,
        "diamond_ar_2p0_min_l2_error": 0.08634290844202042,
        "diamond_ar_2p0_mean_l2_error": 0.08635697513818741,
        "triangle_ar_1p25_total_prediction_time": 0.44577527046203613,
        "triangle_ar_1p25_total_prediction_samples": 400,
        "triangle_ar_1p25_max_l2_error": 0.13844019174575806,
        "triangle_ar_1p25_min_l2_error": 0.11421535909175873,
        "triangle_ar_1p25_mean_l2_error": 0.12424830347299576,
        "triangle_ar_1p5_total_prediction_time": 0.44180798530578613,
        "triangle_ar_1p5_total_prediction_samples": 400,
        "triangle_ar_1p5_max_l2_error": 0.17678309977054596,
        "triangle_ar_1p5_min_l2_error": 0.14321550726890564,
        "triangle_ar_1p5_mean_l2_error": 0.15998435020446777,
        "triangle_ar_1p66_total_prediction_time": 0.44954633712768555,
        "triangle_ar_1p66_total_prediction_samples": 400,
        "triangle_ar_1p66_max_l2_error": 0.14951477944850922,
        "triangle_ar_1p66_min_l2_error": 0.13820213079452515,
        "triangle_ar_1p66_mean_l2_error": 0.14331156015396118,
        "triangle_ar_2p0_total_prediction_time": 0.4483175277709961,
        "triangle_ar_2p0_total_prediction_samples": 400,
        "triangle_ar_2p0_max_l2_error": 0.12768979370594025,
        "triangle_ar_2p0_min_l2_error": 0.12762542068958282,
        "triangle_ar_2p0_mean_l2_error": 0.12766139209270477,
        "cylinder_half_total_prediction_time": 0.44834303855895996,
        "cylinder_half_total_prediction_samples": 400,
        "cylinder_half_max_l2_error": 0.10207685083150864,
        "cylinder_half_min_l2_error": 0.0669938251376152,
        "cylinder_half_mean_l2_error": 0.0880727469921112,
        "cylinder_half_flipped_total_prediction_time": 0.4425814151763916,
        "cylinder_half_flipped_total_prediction_samples": 400,
        "cylinder_half_flipped_max_l2_error": 0.07514727860689163,
        "cylinder_half_flipped_min_l2_error": 0.06349866837263107,
        "cylinder_half_flipped_mean_l2_error": 0.07018036395311356
    }
}