{
    "counter": 0,
    "0": {
        "total_training_time": 1626.1498730182648,
        "total_epochs": 363,
        "total_prediction_time": 2.1944868564605713,
        "total_prediction_samples": 320,
        "max_l2_error": 0.06661753356456757,
        "min_l2_error": 0.03400201350450516,
        "mean_l2_error": 0.04643488675355911,
        "diamond_ar_1p25_total_prediction_time": 2.385622978210449,
        "diamond_ar_1p25_total_prediction_samples": 400,
        "diamond_ar_1p25_max_l2_error": 0.2933556139469147,
        "diamond_ar_1p25_min_l2_error": 0.1647709310054779,
        "diamond_ar_1p25_mean_l2_error": 0.23024313151836395,
        "diamond_ar_1p5_total_prediction_time": 0.752615213394165,
        "diamond_ar_1p5_total_prediction_samples": 400,
        "diamond_ar_1p5_max_l2_error": 0.41144734621047974,
        "diamond_ar_1p5_min_l2_error": 0.29471316933631897,
        "diamond_ar_1p5_mean_l2_error": 0.34559348225593567,
        "diamond_ar_1p66_total_prediction_time": 0.7143051624298096,
        "diamond_ar_1p66_total_prediction_samples": 400,
        "diamond_ar_1p66_max_l2_error": 0.4031151831150055,
        "diamond_ar_1p66_min_l2_error": 0.3661361336708069,
        "diamond_ar_1p66_mean_l2_error": 0.386433869600296,
        "diamond_ar_2p0_total_prediction_time": 0.6890666484832764,
        "diamond_ar_2p0_total_prediction_samples": 400,
        "diamond_ar_2p0_max_l2_error": 0.5124771595001221,
        "diamond_ar_2p0_min_l2_error": 0.5124714374542236,
        "diamond_ar_2p0_mean_l2_error": 0.5124746561050415,
        "triangle_ar_1p25_total_prediction_time": 0.6521825790405273,
        "triangle_ar_1p25_total_prediction_samples": 400,
        "triangle_ar_1p25_max_l2_error": 0.4868761897087097,
        "triangle_ar_1p25_min_l2_error": 0.2914578914642334,
        "triangle_ar_1p25_mean_l2_error": 0.381924033164978,
        "triangle_ar_1p5_total_prediction_time": 0.7195191383361816,
        "triangle_ar_1p5_total_prediction_samples": 400,
        "triangle_ar_1p5_max_l2_error": 0.5592537522315979,
        "triangle_ar_1p5_min_l2_error": 0.39592623710632324,
        "triangle_ar_1p5_mean_l2_error": 0.462209552526474,
        "triangle_ar_1p66_total_prediction_time": 0.7037508487701416,
        "triangle_ar_1p66_total_prediction_samples": 400,
        "triangle_ar_1p66_max_l2_error": 0.5184602737426758,
        "triangle_ar_1p66_min_l2_error": 0.45913684368133545,
        "triangle_ar_1p66_mean_l2_error": 0.4858865737915039,
        "triangle_ar_2p0_total_prediction_time": 0.7353723049163818,
        "triangle_ar_2p0_total_prediction_samples": 400,
        "triangle_ar_2p0_max_l2_error": 0.5902188420295715,
        "triangle_ar_2p0_min_l2_error": 0.5895897746086121,
        "triangle_ar_2p0_mean_l2_error": 0.589718222618103,
        "cylinder_half_total_prediction_time": 0.7078084945678711,
        "cylinder_half_total_prediction_samples": 400,
        "cylinder_half_max_l2_error": 0.20647473633289337,
        "cylinder_half_min_l2_error": 0.08749934285879135,
        "cylinder_half_mean_l2_error": 0.15553659200668335,
        "cylinder_half_flipped_total_prediction_time": 0.7442479133605957,
        "cylinder_half_flipped_total_prediction_samples": 400,
        "cylinder_half_flipped_max_l2_error": 0.3456769287586212,
        "cylinder_half_flipped_min_l2_error": 0.10620349645614624,
        "cylinder_half_flipped_mean_l2_error": 0.22428156435489655
    }
}