{
    "counter": 0,
    "0": {
        "total_training_time": 193.2091360092163,
        "total_epochs": 235,
        "total_prediction_time": 1.8868441581726074,
        "total_prediction_samples": 320,
        "max_l2_error": 0.023139512166380882,
        "min_l2_error": 0.01580544374883175,
        "mean_l2_error": 0.01875084638595581,
        "diamond_ar_1p25_total_prediction_time": 2.163517475128174,
        "diamond_ar_1p25_total_prediction_samples": 400,
        "diamond_ar_1p25_max_l2_error": 0.05276913568377495,
        "diamond_ar_1p25_min_l2_error": 0.04060041531920433,
        "diamond_ar_1p25_mean_l2_error": 0.04785790294408798,
        "diamond_ar_1p5_total_prediction_time": 0.5503480434417725,
        "diamond_ar_1p5_total_prediction_samples": 400,
        "diamond_ar_1p5_max_l2_error": 0.0584222786128521,
        "diamond_ar_1p5_min_l2_error": 0.04132556542754173,
        "diamond_ar_1p5_mean_l2_error": 0.05021923407912254,
        "diamond_ar_1p66_total_prediction_time": 0.5465152263641357,
        "diamond_ar_1p66_total_prediction_samples": 400,
        "diamond_ar_1p66_max_l2_error": 0.05270007625222206,
        "diamond_ar_1p66_min_l2_error": 0.043790966272354126,
        "diamond_ar_1p66_mean_l2_error": 0.04799271747469902,
        "diamond_ar_2p0_total_prediction_time": 0.7718791961669922,
        "diamond_ar_2p0_total_prediction_samples": 400,
        "diamond_ar_2p0_max_l2_error": 0.06218859553337097,
        "diamond_ar_2p0_min_l2_error": 0.06215818226337433,
        "diamond_ar_2p0_mean_l2_error": 0.0621732622385025,
        "triangle_ar_1p25_total_prediction_time": 0.5447971820831299,
        "triangle_ar_1p25_total_prediction_samples": 400,
        "triangle_ar_1p25_max_l2_error": 0.15527138113975525,
        "triangle_ar_1p25_min_l2_error": 0.10833295434713364,
        "triangle_ar_1p25_mean_l2_error": 0.13191057741641998,
        "triangle_ar_1p5_total_prediction_time": 0.5557186603546143,
        "triangle_ar_1p5_total_prediction_samples": 400,
        "triangle_ar_1p5_max_l2_error": 0.18193773925304413,
        "triangle_ar_1p5_min_l2_error": 0.1430738866329193,
        "triangle_ar_1p5_mean_l2_error": 0.1631375104188919,
        "triangle_ar_1p66_total_prediction_time": 0.5455315113067627,
        "triangle_ar_1p66_total_prediction_samples": 400,
        "triangle_ar_1p66_max_l2_error": 0.146378755569458,
        "triangle_ar_1p66_min_l2_error": 0.13440261781215668,
        "triangle_ar_1p66_mean_l2_error": 0.1413489729166031,
        "triangle_ar_2p0_total_prediction_time": 0.5698263645172119,
        "triangle_ar_2p0_total_prediction_samples": 400,
        "triangle_ar_2p0_max_l2_error": 0.12249793857336044,
        "triangle_ar_2p0_min_l2_error": 0.12234716862440109,
        "triangle_ar_2p0_mean_l2_error": 0.12241721153259277,
        "cylinder_half_total_prediction_time": 0.5604956150054932,
        "cylinder_half_total_prediction_samples": 400,
        "cylinder_half_max_l2_error": 0.05570616573095322,
        "cylinder_half_min_l2_error": 0.03314156085252762,
        "cylinder_half_mean_l2_error": 0.04266810417175293,
        "cylinder_half_flipped_total_prediction_time": 0.5412092208862305,
        "cylinder_half_flipped_total_prediction_samples": 400,
        "cylinder_half_flipped_max_l2_error": 0.06608232855796814,
        "cylinder_half_flipped_min_l2_error": 0.03381790965795517,
        "cylinder_half_flipped_mean_l2_error": 0.04641752690076828
    }
}