{
    "counter": 0,
    "0": {
        "total_training_time": 443.24432396888733,
        "total_epochs": 796,
        "total_prediction_time": 1.832230806350708,
        "total_prediction_samples": 320,
        "max_l2_error": 0.055995602160692215,
        "min_l2_error": 0.03175145015120506,
        "mean_l2_error": 0.04244312644004822,
        "diamond_ar_1p25_total_prediction_time": 2.140087604522705,
        "diamond_ar_1p25_total_prediction_samples": 400,
        "diamond_ar_1p25_max_l2_error": 0.062989242374897,
        "diamond_ar_1p25_min_l2_error": 0.047133952379226685,
        "diamond_ar_1p25_mean_l2_error": 0.054679397493600845,
        "diamond_ar_1p5_total_prediction_time": 0.5544848442077637,
        "diamond_ar_1p5_total_prediction_samples": 400,
        "diamond_ar_1p5_max_l2_error": 0.061437394469976425,
        "diamond_ar_1p5_min_l2_error": 0.05263781175017357,
        "diamond_ar_1p5_mean_l2_error": 0.057321034371852875,
        "diamond_ar_1p66_total_prediction_time": 0.55242919921875,
        "diamond_ar_1p66_total_prediction_samples": 400,
        "diamond_ar_1p66_max_l2_error": 0.054816264659166336,
        "diamond_ar_1p66_min_l2_error": 0.049550075083971024,
        "diamond_ar_1p66_mean_l2_error": 0.05154053121805191,
        "diamond_ar_2p0_total_prediction_time": 0.5389688014984131,
        "diamond_ar_2p0_total_prediction_samples": 400,
        "diamond_ar_2p0_max_l2_error": 0.061831582337617874,
        "diamond_ar_2p0_min_l2_error": 0.06182152405381203,
        "diamond_ar_2p0_mean_l2_error": 0.061826564371585846,
        "triangle_ar_1p25_total_prediction_time": 0.5408260822296143,
        "triangle_ar_1p25_total_prediction_samples": 400,
        "triangle_ar_1p25_max_l2_error": 0.1547412872314453,
        "triangle_ar_1p25_min_l2_error": 0.11439068615436554,
        "triangle_ar_1p25_mean_l2_error": 0.13217850029468536,
        "triangle_ar_1p5_total_prediction_time": 2.288390874862671,
        "triangle_ar_1p5_total_prediction_samples": 400,
        "triangle_ar_1p5_max_l2_error": 0.1849915236234665,
        "triangle_ar_1p5_min_l2_error": 0.1607206016778946,
        "triangle_ar_1p5_mean_l2_error": 0.17180198431015015,
        "triangle_ar_1p66_total_prediction_time": 0.5812983512878418,
        "triangle_ar_1p66_total_prediction_samples": 400,
        "triangle_ar_1p66_max_l2_error": 0.14908942580223083,
        "triangle_ar_1p66_min_l2_error": 0.1361030489206314,
        "triangle_ar_1p66_mean_l2_error": 0.1418967992067337,
        "triangle_ar_2p0_total_prediction_time": 0.5754735469818115,
        "triangle_ar_2p0_total_prediction_samples": 400,
        "triangle_ar_2p0_max_l2_error": 0.10419057309627533,
        "triangle_ar_2p0_min_l2_error": 0.10412611812353134,
        "triangle_ar_2p0_mean_l2_error": 0.1041586771607399,
        "cylinder_half_total_prediction_time": 0.5920882225036621,
        "cylinder_half_total_prediction_samples": 400,
        "cylinder_half_max_l2_error": 0.06871040910482407,
        "cylinder_half_min_l2_error": 0.04763760790228844,
        "cylinder_half_mean_l2_error": 0.0599064938724041,
        "cylinder_half_flipped_total_prediction_time": 0.5608229637145996,
        "cylinder_half_flipped_total_prediction_samples": 400,
        "cylinder_half_flipped_max_l2_error": 0.06378939747810364,
        "cylinder_half_flipped_min_l2_error": 0.049926187843084335,
        "cylinder_half_flipped_mean_l2_error": 0.05581197887659073
    }
}