{
    "counter": 0,
    "0": {
        "total_training_time": 195.01474356651306,
        "total_epochs": 409,
        "total_prediction_time": 1.6350791454315186,
        "total_prediction_samples": 320,
        "max_l2_error": 0.02913297899067402,
        "min_l2_error": 0.019271358847618103,
        "mean_l2_error": 0.024335702881217003,
        "diamond_ar_1p25_total_prediction_time": 2.673687219619751,
        "diamond_ar_1p25_total_prediction_samples": 400,
        "diamond_ar_1p25_max_l2_error": 0.05055379867553711,
        "diamond_ar_1p25_min_l2_error": 0.03663146495819092,
        "diamond_ar_1p25_mean_l2_error": 0.04342442378401756,
        "diamond_ar_1p5_total_prediction_time": 0.4602365493774414,
        "diamond_ar_1p5_total_prediction_samples": 400,
        "diamond_ar_1p5_max_l2_error": 0.04902462661266327,
        "diamond_ar_1p5_min_l2_error": 0.04433905705809593,
        "diamond_ar_1p5_mean_l2_error": 0.04665587469935417,
        "diamond_ar_1p66_total_prediction_time": 0.45320630073547363,
        "diamond_ar_1p66_total_prediction_samples": 400,
        "diamond_ar_1p66_max_l2_error": 0.047490328550338745,
        "diamond_ar_1p66_min_l2_error": 0.04168490320444107,
        "diamond_ar_1p66_mean_l2_error": 0.04383976757526398,
        "diamond_ar_2p0_total_prediction_time": 0.45586156845092773,
        "diamond_ar_2p0_total_prediction_samples": 400,
        "diamond_ar_2p0_max_l2_error": 0.05131487548351288,
        "diamond_ar_2p0_min_l2_error": 0.0512877032160759,
        "diamond_ar_2p0_mean_l2_error": 0.05130482837557793,
        "triangle_ar_1p25_total_prediction_time": 0.45502495765686035,
        "triangle_ar_1p25_total_prediction_samples": 400,
        "triangle_ar_1p25_max_l2_error": 0.15432409942150116,
        "triangle_ar_1p25_min_l2_error": 0.10634254664182663,
        "triangle_ar_1p25_mean_l2_error": 0.12996329367160797,
        "triangle_ar_1p5_total_prediction_time": 0.448030948638916,
        "triangle_ar_1p5_total_prediction_samples": 400,
        "triangle_ar_1p5_max_l2_error": 0.17822162806987762,
        "triangle_ar_1p5_min_l2_error": 0.14822782576084137,
        "triangle_ar_1p5_mean_l2_error": 0.16427746415138245,
        "triangle_ar_1p66_total_prediction_time": 0.4460117816925049,
        "triangle_ar_1p66_total_prediction_samples": 400,
        "triangle_ar_1p66_max_l2_error": 0.1459183245897293,
        "triangle_ar_1p66_min_l2_error": 0.1288994699716568,
        "triangle_ar_1p66_mean_l2_error": 0.13720786571502686,
        "triangle_ar_2p0_total_prediction_time": 0.4450373649597168,
        "triangle_ar_2p0_total_prediction_samples": 400,
        "triangle_ar_2p0_max_l2_error": 0.10745943337678909,
        "triangle_ar_2p0_min_l2_error": 0.10726229846477509,
        "triangle_ar_2p0_mean_l2_error": 0.10736645013093948,
        "cylinder_half_total_prediction_time": 0.45795631408691406,
        "cylinder_half_total_prediction_samples": 400,
        "cylinder_half_max_l2_error": 0.05959269776940346,
        "cylinder_half_min_l2_error": 0.03615996614098549,
        "cylinder_half_mean_l2_error": 0.046994399279356,
        "cylinder_half_flipped_total_prediction_time": 0.45433878898620605,
        "cylinder_half_flipped_total_prediction_samples": 400,
        "cylinder_half_flipped_max_l2_error": 0.0645890012383461,
        "cylinder_half_flipped_min_l2_error": 0.040777143090963364,
        "cylinder_half_flipped_mean_l2_error": 0.0504622757434845
    }
}