{
    "counter": 0,
    "0": {
        "total_training_time": 795.5703098773956,
        "total_epochs": 292,
        "total_prediction_time": 1.857151985168457,
        "total_prediction_samples": 320,
        "max_l2_error": 0.04959074407815933,
        "min_l2_error": 0.025434091687202454,
        "mean_l2_error": 0.030901571735739708,
        "diamond_ar_1p25_total_prediction_time": 2.01426362991333,
        "diamond_ar_1p25_total_prediction_samples": 400,
        "diamond_ar_1p25_max_l2_error": 0.28330937027931213,
        "diamond_ar_1p25_min_l2_error": 0.12430659681558609,
        "diamond_ar_1p25_mean_l2_error": 0.20288440585136414,
        "diamond_ar_1p5_total_prediction_time": 0.5131058692932129,
        "diamond_ar_1p5_total_prediction_samples": 400,
        "diamond_ar_1p5_max_l2_error": 0.3599139451980591,
        "diamond_ar_1p5_min_l2_error": 0.23574486374855042,
        "diamond_ar_1p5_mean_l2_error": 0.30573999881744385,
        "diamond_ar_1p66_total_prediction_time": 0.5039083957672119,
        "diamond_ar_1p66_total_prediction_samples": 400,
        "diamond_ar_1p66_max_l2_error": 0.35855260491371155,
        "diamond_ar_1p66_min_l2_error": 0.3138401210308075,
        "diamond_ar_1p66_mean_l2_error": 0.33534762263298035,
        "diamond_ar_2p0_total_prediction_time": 0.5014774799346924,
        "diamond_ar_2p0_total_prediction_samples": 400,
        "diamond_ar_2p0_max_l2_error": 0.4257669150829315,
        "diamond_ar_2p0_min_l2_error": 0.4257601201534271,
        "diamond_ar_2p0_mean_l2_error": 0.4257633090019226,
        "triangle_ar_1p25_total_prediction_time": 0.5039951801300049,
        "triangle_ar_1p25_total_prediction_samples": 400,
        "triangle_ar_1p25_max_l2_error": 0.42183318734169006,
        "triangle_ar_1p25_min_l2_error": 0.2719275653362274,
        "triangle_ar_1p25_mean_l2_error": 0.3514920771121979,
        "triangle_ar_1p5_total_prediction_time": 0.5014779567718506,
        "triangle_ar_1p5_total_prediction_samples": 400,
        "triangle_ar_1p5_max_l2_error": 0.5017404556274414,
        "triangle_ar_1p5_min_l2_error": 0.3352542221546173,
        "triangle_ar_1p5_mean_l2_error": 0.42157939076423645,
        "triangle_ar_1p66_total_prediction_time": 0.49762940406799316,
        "triangle_ar_1p66_total_prediction_samples": 400,
        "triangle_ar_1p66_max_l2_error": 0.46005934476852417,
        "triangle_ar_1p66_min_l2_error": 0.39005374908447266,
        "triangle_ar_1p66_mean_l2_error": 0.42538926005363464,
        "triangle_ar_2p0_total_prediction_time": 0.5000312328338623,
        "triangle_ar_2p0_total_prediction_samples": 400,
        "triangle_ar_2p0_max_l2_error": 0.48415201902389526,
        "triangle_ar_2p0_min_l2_error": 0.48333510756492615,
        "triangle_ar_2p0_mean_l2_error": 0.4834694564342499,
        "cylinder_half_total_prediction_time": 0.5025532245635986,
        "cylinder_half_total_prediction_samples": 400,
        "cylinder_half_max_l2_error": 0.23270627856254578,
        "cylinder_half_min_l2_error": 0.11398424208164215,
        "cylinder_half_mean_l2_error": 0.17841075360774994,
        "cylinder_half_flipped_total_prediction_time": 0.49322032928466797,
        "cylinder_half_flipped_total_prediction_samples": 400,
        "cylinder_half_flipped_max_l2_error": 0.27238404750823975,
        "cylinder_half_flipped_min_l2_error": 0.12293193489313126,
        "cylinder_half_flipped_mean_l2_error": 0.20160850882530212
    }
}