{
    "counter": 0,
    "0": {
        "total_training_time": 410.5372631549835,
        "total_epochs": 354,
        "total_prediction_time": 3.517031669616699,
        "total_prediction_samples": 320,
        "max_l2_error": 0.09379185736179352,
        "min_l2_error": 0.06111755594611168,
        "mean_l2_error": 0.07357870787382126,
        "diamond_ar_1p25_total_prediction_time": 2.926996946334839,
        "diamond_ar_1p25_total_prediction_samples": 400,
        "diamond_ar_1p25_max_l2_error": 0.2577650249004364,
        "diamond_ar_1p25_min_l2_error": 0.12938550114631653,
        "diamond_ar_1p25_mean_l2_error": 0.20265646278858185,
        "diamond_ar_1p5_total_prediction_time": 0.5787031650543213,
        "diamond_ar_1p5_total_prediction_samples": 400,
        "diamond_ar_1p5_max_l2_error": 0.3491206765174866,
        "diamond_ar_1p5_min_l2_error": 0.23157094419002533,
        "diamond_ar_1p5_mean_l2_error": 0.30230167508125305,
        "diamond_ar_1p66_total_prediction_time": 0.5718612670898438,
        "diamond_ar_1p66_total_prediction_samples": 400,
        "diamond_ar_1p66_max_l2_error": 0.3536868393421173,
        "diamond_ar_1p66_min_l2_error": 0.3217896819114685,
        "diamond_ar_1p66_mean_l2_error": 0.33782416582107544,
        "diamond_ar_2p0_total_prediction_time": 0.5701706409454346,
        "diamond_ar_2p0_total_prediction_samples": 400,
        "diamond_ar_2p0_max_l2_error": 0.47717881202697754,
        "diamond_ar_2p0_min_l2_error": 0.4771721661090851,
        "diamond_ar_2p0_mean_l2_error": 0.4771747291088104,
        "triangle_ar_1p25_total_prediction_time": 0.5661790370941162,
        "triangle_ar_1p25_total_prediction_samples": 400,
        "triangle_ar_1p25_max_l2_error": 0.4263906180858612,
        "triangle_ar_1p25_min_l2_error": 0.2737102806568146,
        "triangle_ar_1p25_mean_l2_error": 0.34664320945739746,
        "triangle_ar_1p5_total_prediction_time": 0.5947232246398926,
        "triangle_ar_1p5_total_prediction_samples": 400,
        "triangle_ar_1p5_max_l2_error": 0.5071747303009033,
        "triangle_ar_1p5_min_l2_error": 0.3360869288444519,
        "triangle_ar_1p5_mean_l2_error": 0.4212735891342163,
        "triangle_ar_1p66_total_prediction_time": 0.5832095146179199,
        "triangle_ar_1p66_total_prediction_samples": 400,
        "triangle_ar_1p66_max_l2_error": 0.4620513916015625,
        "triangle_ar_1p66_min_l2_error": 0.41480955481529236,
        "triangle_ar_1p66_mean_l2_error": 0.4400573968887329,
        "triangle_ar_2p0_total_prediction_time": 0.5703847408294678,
        "triangle_ar_2p0_total_prediction_samples": 400,
        "triangle_ar_2p0_max_l2_error": 0.5407503843307495,
        "triangle_ar_2p0_min_l2_error": 0.5393958687782288,
        "triangle_ar_2p0_mean_l2_error": 0.540063202381134,
        "cylinder_half_total_prediction_time": 0.5743024349212646,
        "cylinder_half_total_prediction_samples": 400,
        "cylinder_half_max_l2_error": 0.24201680719852448,
        "cylinder_half_min_l2_error": 0.1077636331319809,
        "cylinder_half_mean_l2_error": 0.1752699613571167,
        "cylinder_half_flipped_total_prediction_time": 0.5710525512695312,
        "cylinder_half_flipped_total_prediction_samples": 400,
        "cylinder_half_flipped_max_l2_error": 0.32794585824012756,
        "cylinder_half_flipped_min_l2_error": 0.1311306208372116,
        "cylinder_half_flipped_mean_l2_error": 0.21399016678333282
    }
}