{
    "counter": 0,
    "0": {
        "total_training_time": 580.6755208969116,
        "total_epochs": 170,
        "total_prediction_time": 1.1382739543914795,
        "total_prediction_samples": 320,
        "max_l2_error": 0.01745014637708664,
        "min_l2_error": 0.014071309007704258,
        "mean_l2_error": 0.01584572158753872,
        "diamond_ar_1p25_total_prediction_time": 0.8872594833374023,
        "diamond_ar_1p25_total_prediction_samples": 400,
        "diamond_ar_1p25_max_l2_error": 0.03553004190325737,
        "diamond_ar_1p25_min_l2_error": 0.023755358532071114,
        "diamond_ar_1p25_mean_l2_error": 0.02901771478354931,
        "diamond_ar_1p5_total_prediction_time": 0.31821465492248535,
        "diamond_ar_1p5_total_prediction_samples": 400,
        "diamond_ar_1p5_max_l2_error": 0.03405306115746498,
        "diamond_ar_1p5_min_l2_error": 0.02589442767202854,
        "diamond_ar_1p5_mean_l2_error": 0.030525602400302887,
        "diamond_ar_1p66_total_prediction_time": 0.3171854019165039,
        "diamond_ar_1p66_total_prediction_samples": 400,
        "diamond_ar_1p66_max_l2_error": 0.03535163775086403,
        "diamond_ar_1p66_min_l2_error": 0.031911056488752365,
        "diamond_ar_1p66_mean_l2_error": 0.03359198942780495,
        "diamond_ar_2p0_total_prediction_time": 0.32013535499572754,
        "diamond_ar_2p0_total_prediction_samples": 400,
        "diamond_ar_2p0_max_l2_error": 0.03385594114661217,
        "diamond_ar_2p0_min_l2_error": 0.03385436162352562,
        "diamond_ar_2p0_mean_l2_error": 0.03385511785745621,
        "triangle_ar_1p25_total_prediction_time": 0.3081369400024414,
        "triangle_ar_1p25_total_prediction_samples": 400,
        "triangle_ar_1p25_max_l2_error": 0.12233243137598038,
        "triangle_ar_1p25_min_l2_error": 0.07916794717311859,
        "triangle_ar_1p25_mean_l2_error": 0.10343826562166214,
        "triangle_ar_1p5_total_prediction_time": 0.3079557418823242,
        "triangle_ar_1p5_total_prediction_samples": 400,
        "triangle_ar_1p5_max_l2_error": 0.16287751495838165,
        "triangle_ar_1p5_min_l2_error": 0.105347640812397,
        "triangle_ar_1p5_mean_l2_error": 0.13718467950820923,
        "triangle_ar_1p66_total_prediction_time": 0.30797648429870605,
        "triangle_ar_1p66_total_prediction_samples": 400,
        "triangle_ar_1p66_max_l2_error": 0.11240031570196152,
        "triangle_ar_1p66_min_l2_error": 0.09163139760494232,
        "triangle_ar_1p66_mean_l2_error": 0.10248910635709763,
        "triangle_ar_2p0_total_prediction_time": 0.32921528816223145,
        "triangle_ar_2p0_total_prediction_samples": 400,
        "triangle_ar_2p0_max_l2_error": 0.09330752491950989,
        "triangle_ar_2p0_min_l2_error": 0.09318052232265472,
        "triangle_ar_2p0_mean_l2_error": 0.09323829412460327,
        "cylinder_half_total_prediction_time": 0.31563234329223633,
        "cylinder_half_total_prediction_samples": 400,
        "cylinder_half_max_l2_error": 0.04443107172846794,
        "cylinder_half_min_l2_error": 0.026752950623631477,
        "cylinder_half_mean_l2_error": 0.03466042876243591,
        "cylinder_half_flipped_total_prediction_time": 0.30744338035583496,
        "cylinder_half_flipped_total_prediction_samples": 400,
        "cylinder_half_flipped_max_l2_error": 0.056095343083143234,
        "cylinder_half_flipped_min_l2_error": 0.029000896960496902,
        "cylinder_half_flipped_mean_l2_error": 0.042585887014865875
    }
}