{
    "counter": 0,
    "0": {
        "total_training_time": 456.1132535934448,
        "total_epochs": 228,
        "total_prediction_time": 1.6116764545440674,
        "total_prediction_samples": 320,
        "max_l2_error": 0.03931728005409241,
        "min_l2_error": 0.02780763804912567,
        "mean_l2_error": 0.03311219811439514,
        "diamond_ar_1p25_total_prediction_time": 1.7161381244659424,
        "diamond_ar_1p25_total_prediction_samples": 400,
        "diamond_ar_1p25_max_l2_error": 0.27912211418151855,
        "diamond_ar_1p25_min_l2_error": 0.1083860695362091,
        "diamond_ar_1p25_mean_l2_error": 0.21240684390068054,
        "diamond_ar_1p5_total_prediction_time": 0.4016396999359131,
        "diamond_ar_1p5_total_prediction_samples": 400,
        "diamond_ar_1p5_max_l2_error": 0.3597385883331299,
        "diamond_ar_1p5_min_l2_error": 0.2284458428621292,
        "diamond_ar_1p5_mean_l2_error": 0.3040086627006531,
        "diamond_ar_1p66_total_prediction_time": 0.39903759956359863,
        "diamond_ar_1p66_total_prediction_samples": 400,
        "diamond_ar_1p66_max_l2_error": 0.3386147618293762,
        "diamond_ar_1p66_min_l2_error": 0.2930484116077423,
        "diamond_ar_1p66_mean_l2_error": 0.3192673623561859,
        "diamond_ar_2p0_total_prediction_time": 0.40504980087280273,
        "diamond_ar_2p0_total_prediction_samples": 400,
        "diamond_ar_2p0_max_l2_error": 0.41938555240631104,
        "diamond_ar_2p0_min_l2_error": 0.4193810820579529,
        "diamond_ar_2p0_mean_l2_error": 0.4193830192089081,
        "triangle_ar_1p25_total_prediction_time": 0.3967430591583252,
        "triangle_ar_1p25_total_prediction_samples": 400,
        "triangle_ar_1p25_max_l2_error": 0.46655750274658203,
        "triangle_ar_1p25_min_l2_error": 0.26486724615097046,
        "triangle_ar_1p25_mean_l2_error": 0.36299240589141846,
        "triangle_ar_1p5_total_prediction_time": 0.38884949684143066,
        "triangle_ar_1p5_total_prediction_samples": 400,
        "triangle_ar_1p5_max_l2_error": 0.5108141899108887,
        "triangle_ar_1p5_min_l2_error": 0.357130765914917,
        "triangle_ar_1p5_mean_l2_error": 0.43274733424186707,
        "triangle_ar_1p66_total_prediction_time": 0.7271244525909424,
        "triangle_ar_1p66_total_prediction_samples": 400,
        "triangle_ar_1p66_max_l2_error": 0.45469141006469727,
        "triangle_ar_1p66_min_l2_error": 0.41067370772361755,
        "triangle_ar_1p66_mean_l2_error": 0.42930033802986145,
        "triangle_ar_2p0_total_prediction_time": 0.3958573341369629,
        "triangle_ar_2p0_total_prediction_samples": 400,
        "triangle_ar_2p0_max_l2_error": 0.5104823112487793,
        "triangle_ar_2p0_min_l2_error": 0.5093753337860107,
        "triangle_ar_2p0_mean_l2_error": 0.5097504258155823,
        "cylinder_half_total_prediction_time": 0.38755297660827637,
        "cylinder_half_total_prediction_samples": 400,
        "cylinder_half_max_l2_error": 0.2194768488407135,
        "cylinder_half_min_l2_error": 0.13277669250965118,
        "cylinder_half_mean_l2_error": 0.18224506080150604,
        "cylinder_half_flipped_total_prediction_time": 0.3972349166870117,
        "cylinder_half_flipped_total_prediction_samples": 400,
        "cylinder_half_flipped_max_l2_error": 0.30302998423576355,
        "cylinder_half_flipped_min_l2_error": 0.11127335578203201,
        "cylinder_half_flipped_mean_l2_error": 0.2014027088880539
    }
}