{
    "counter": 0,
    "0": {
        "total_training_time": 678.6034791469574,
        "total_epochs": 524,
        "total_prediction_time": 1.9513285160064697,
        "total_prediction_samples": 320,
        "max_l2_error": 0.30417540669441223,
        "min_l2_error": 0.07919483631849289,
        "mean_l2_error": 0.12403754889965057,
        "diamond_ar_1p25_total_prediction_time": 2.109344482421875,
        "diamond_ar_1p25_total_prediction_samples": 400,
        "diamond_ar_1p25_max_l2_error": 0.8001471161842346,
        "diamond_ar_1p25_min_l2_error": 0.2927500307559967,
        "diamond_ar_1p25_mean_l2_error": 0.425172358751297,
        "diamond_ar_1p5_total_prediction_time": 0.4351322650909424,
        "diamond_ar_1p5_total_prediction_samples": 400,
        "diamond_ar_1p5_max_l2_error": 1.1716021299362183,
        "diamond_ar_1p5_min_l2_error": 0.5264126062393188,
        "diamond_ar_1p5_mean_l2_error": 0.7140622138977051,
        "diamond_ar_1p66_total_prediction_time": 0.43502306938171387,
        "diamond_ar_1p66_total_prediction_samples": 400,
        "diamond_ar_1p66_max_l2_error": 1.2427678108215332,
        "diamond_ar_1p66_min_l2_error": 0.806825578212738,
        "diamond_ar_1p66_mean_l2_error": 0.9420620799064636,
        "diamond_ar_2p0_total_prediction_time": 0.4488840103149414,
        "diamond_ar_2p0_total_prediction_samples": 400,
        "diamond_ar_2p0_max_l2_error": 1.38834547996521,
        "diamond_ar_2p0_min_l2_error": 1.3881710767745972,
        "diamond_ar_2p0_mean_l2_error": 1.388256549835205,
        "triangle_ar_1p25_total_prediction_time": 0.4525787830352783,
        "triangle_ar_1p25_total_prediction_samples": 400,
        "triangle_ar_1p25_max_l2_error": 1.2321146726608276,
        "triangle_ar_1p25_min_l2_error": 0.4428950846195221,
        "triangle_ar_1p25_mean_l2_error": 0.6019192337989807,
        "triangle_ar_1p5_total_prediction_time": 0.4474163055419922,
        "triangle_ar_1p5_total_prediction_samples": 400,
        "triangle_ar_1p5_max_l2_error": 1.4113940000534058,
        "triangle_ar_1p5_min_l2_error": 0.5847481489181519,
        "triangle_ar_1p5_mean_l2_error": 0.7588707208633423,
        "triangle_ar_1p66_total_prediction_time": 0.442518949508667,
        "triangle_ar_1p66_total_prediction_samples": 400,
        "triangle_ar_1p66_max_l2_error": 1.4408050775527954,
        "triangle_ar_1p66_min_l2_error": 0.77591472864151,
        "triangle_ar_1p66_mean_l2_error": 0.9552525877952576,
        "triangle_ar_2p0_total_prediction_time": 0.4422414302825928,
        "triangle_ar_2p0_total_prediction_samples": 400,
        "triangle_ar_2p0_max_l2_error": 2.14921236038208,
        "triangle_ar_2p0_min_l2_error": 1.965566873550415,
        "triangle_ar_2p0_mean_l2_error": 2.092336654663086,
        "cylinder_half_total_prediction_time": 0.44922733306884766,
        "cylinder_half_total_prediction_samples": 400,
        "cylinder_half_max_l2_error": 0.4679325819015503,
        "cylinder_half_min_l2_error": 0.23070277273654938,
        "cylinder_half_mean_l2_error": 0.3429994285106659,
        "cylinder_half_flipped_total_prediction_time": 0.4534015655517578,
        "cylinder_half_flipped_total_prediction_samples": 400,
        "cylinder_half_flipped_max_l2_error": 0.7405985593795776,
        "cylinder_half_flipped_min_l2_error": 0.3705664873123169,
        "cylinder_half_flipped_mean_l2_error": 0.4883853793144226
    }
}