{
    "counter": 0,
    "0": {
        "total_training_time": 61.042486906051636,
        "total_epochs": 429,
        "total_prediction_time": 0.273120641708374,
        "total_prediction_samples": 320,
        "max_l2_error": 0.025269635021686554,
        "min_l2_error": 0.017738569527864456,
        "mean_l2_error": 0.021793117746710777,
        "diamond_ar_1p25_total_prediction_time": 0.13230609893798828,
        "diamond_ar_1p25_total_prediction_samples": 400,
        "diamond_ar_1p25_max_l2_error": 0.06011258065700531,
        "diamond_ar_1p25_min_l2_error": 0.04280496761202812,
        "diamond_ar_1p25_mean_l2_error": 0.04875285178422928,
        "diamond_ar_1p5_total_prediction_time": 0.08548688888549805,
        "diamond_ar_1p5_total_prediction_samples": 400,
        "diamond_ar_1p5_max_l2_error": 0.05659128352999687,
        "diamond_ar_1p5_min_l2_error": 0.04193980619311333,
        "diamond_ar_1p5_mean_l2_error": 0.04831799492239952,
        "diamond_ar_1p66_total_prediction_time": 0.08653926849365234,
        "diamond_ar_1p66_total_prediction_samples": 400,
        "diamond_ar_1p66_max_l2_error": 0.04787757620215416,
        "diamond_ar_1p66_min_l2_error": 0.041620370000600815,
        "diamond_ar_1p66_mean_l2_error": 0.044194068759679794,
        "diamond_ar_2p0_total_prediction_time": 0.0868539810180664,
        "diamond_ar_2p0_total_prediction_samples": 400,
        "diamond_ar_2p0_max_l2_error": 0.05532466992735863,
        "diamond_ar_2p0_min_l2_error": 0.05530408397316933,
        "diamond_ar_2p0_mean_l2_error": 0.055314164608716965,
        "triangle_ar_1p25_total_prediction_time": 0.08670949935913086,
        "triangle_ar_1p25_total_prediction_samples": 400,
        "triangle_ar_1p25_max_l2_error": 0.14799900352954865,
        "triangle_ar_1p25_min_l2_error": 0.09582408517599106,
        "triangle_ar_1p25_mean_l2_error": 0.12540502846240997,
        "triangle_ar_1p5_total_prediction_time": 0.08520650863647461,
        "triangle_ar_1p5_total_prediction_samples": 400,
        "triangle_ar_1p5_max_l2_error": 0.1824789047241211,
        "triangle_ar_1p5_min_l2_error": 0.13782867789268494,
        "triangle_ar_1p5_mean_l2_error": 0.16149452328681946,
        "triangle_ar_1p66_total_prediction_time": 0.09165096282958984,
        "triangle_ar_1p66_total_prediction_samples": 400,
        "triangle_ar_1p66_max_l2_error": 0.15028469264507294,
        "triangle_ar_1p66_min_l2_error": 0.13683301210403442,
        "triangle_ar_1p66_mean_l2_error": 0.1430707424879074,
        "triangle_ar_2p0_total_prediction_time": 0.0847775936126709,
        "triangle_ar_2p0_total_prediction_samples": 400,
        "triangle_ar_2p0_max_l2_error": 0.11141888052225113,
        "triangle_ar_2p0_min_l2_error": 0.11129695177078247,
        "triangle_ar_2p0_mean_l2_error": 0.11135762929916382,
        "cylinder_half_total_prediction_time": 0.08580589294433594,
        "cylinder_half_total_prediction_samples": 400,
        "cylinder_half_max_l2_error": 0.061146605759859085,
        "cylinder_half_min_l2_error": 0.037220679223537445,
        "cylinder_half_mean_l2_error": 0.04849594086408615,
        "cylinder_half_flipped_total_prediction_time": 0.08499693870544434,
        "cylinder_half_flipped_total_prediction_samples": 400,
        "cylinder_half_flipped_max_l2_error": 0.06028411537408829,
        "cylinder_half_flipped_min_l2_error": 0.03871534764766693,
        "cylinder_half_flipped_mean_l2_error": 0.0473814494907856
    }
}