{
    "counter": 0,
    "0": {
        "total_training_time": 266.8430404663086,
        "total_epochs": 594,
        "total_prediction_time": 1.6263325214385986,
        "total_prediction_samples": 320,
        "max_l2_error": 0.03741392493247986,
        "min_l2_error": 0.022113116458058357,
        "mean_l2_error": 0.029363131150603294,
        "diamond_ar_1p25_total_prediction_time": 3.2683067321777344,
        "diamond_ar_1p25_total_prediction_samples": 400,
        "diamond_ar_1p25_max_l2_error": 0.05701015889644623,
        "diamond_ar_1p25_min_l2_error": 0.0345289409160614,
        "diamond_ar_1p25_mean_l2_error": 0.047397736459970474,
        "diamond_ar_1p5_total_prediction_time": 0.4601321220397949,
        "diamond_ar_1p5_total_prediction_samples": 400,
        "diamond_ar_1p5_max_l2_error": 0.058603327721357346,
        "diamond_ar_1p5_min_l2_error": 0.04359278082847595,
        "diamond_ar_1p5_mean_l2_error": 0.050769317895174026,
        "diamond_ar_1p66_total_prediction_time": 0.4521760940551758,
        "diamond_ar_1p66_total_prediction_samples": 400,
        "diamond_ar_1p66_max_l2_error": 0.048210203647613525,
        "diamond_ar_1p66_min_l2_error": 0.0445045530796051,
        "diamond_ar_1p66_mean_l2_error": 0.046096593141555786,
        "diamond_ar_2p0_total_prediction_time": 0.4435744285583496,
        "diamond_ar_2p0_total_prediction_samples": 400,
        "diamond_ar_2p0_max_l2_error": 0.0564240999519825,
        "diamond_ar_2p0_min_l2_error": 0.05640159919857979,
        "diamond_ar_2p0_mean_l2_error": 0.05641580745577812,
        "triangle_ar_1p25_total_prediction_time": 0.4510672092437744,
        "triangle_ar_1p25_total_prediction_samples": 400,
        "triangle_ar_1p25_max_l2_error": 0.15823937952518463,
        "triangle_ar_1p25_min_l2_error": 0.10108506679534912,
        "triangle_ar_1p25_mean_l2_error": 0.12991811335086823,
        "triangle_ar_1p5_total_prediction_time": 0.4456191062927246,
        "triangle_ar_1p5_total_prediction_samples": 400,
        "triangle_ar_1p5_max_l2_error": 0.1914180964231491,
        "triangle_ar_1p5_min_l2_error": 0.14857110381126404,
        "triangle_ar_1p5_mean_l2_error": 0.17159870266914368,
        "triangle_ar_1p66_total_prediction_time": 0.4475066661834717,
        "triangle_ar_1p66_total_prediction_samples": 400,
        "triangle_ar_1p66_max_l2_error": 0.14860276877880096,
        "triangle_ar_1p66_min_l2_error": 0.13908973336219788,
        "triangle_ar_1p66_mean_l2_error": 0.14357200264930725,
        "triangle_ar_2p0_total_prediction_time": 0.44530653953552246,
        "triangle_ar_2p0_total_prediction_samples": 400,
        "triangle_ar_2p0_max_l2_error": 0.10959320515394211,
        "triangle_ar_2p0_min_l2_error": 0.10949412733316422,
        "triangle_ar_2p0_mean_l2_error": 0.10954318940639496,
        "cylinder_half_total_prediction_time": 0.4478342533111572,
        "cylinder_half_total_prediction_samples": 400,
        "cylinder_half_max_l2_error": 0.06182258948683739,
        "cylinder_half_min_l2_error": 0.04174470528960228,
        "cylinder_half_mean_l2_error": 0.05334455519914627,
        "cylinder_half_flipped_total_prediction_time": 0.44915199279785156,
        "cylinder_half_flipped_total_prediction_samples": 400,
        "cylinder_half_flipped_max_l2_error": 0.06081932783126831,
        "cylinder_half_flipped_min_l2_error": 0.04181888327002525,
        "cylinder_half_flipped_mean_l2_error": 0.049097299575805664
    }
}