{
    "counter": 0,
    "0": {
        "total_training_time": 279.0689778327942,
        "total_epochs": 627,
        "total_prediction_time": 1.6275863647460938,
        "total_prediction_samples": 320,
        "max_l2_error": 0.06491933763027191,
        "min_l2_error": 0.03286014497280121,
        "mean_l2_error": 0.047620806843042374,
        "diamond_ar_1p25_total_prediction_time": 1.8298885822296143,
        "diamond_ar_1p25_total_prediction_samples": 400,
        "diamond_ar_1p25_max_l2_error": 0.065433569252491,
        "diamond_ar_1p25_min_l2_error": 0.04960951954126358,
        "diamond_ar_1p25_mean_l2_error": 0.055276501923799515,
        "diamond_ar_1p5_total_prediction_time": 0.4377882480621338,
        "diamond_ar_1p5_total_prediction_samples": 400,
        "diamond_ar_1p5_max_l2_error": 0.06223692744970322,
        "diamond_ar_1p5_min_l2_error": 0.05278884619474411,
        "diamond_ar_1p5_mean_l2_error": 0.05773896351456642,
        "diamond_ar_1p66_total_prediction_time": 2.4978015422821045,
        "diamond_ar_1p66_total_prediction_samples": 400,
        "diamond_ar_1p66_max_l2_error": 0.054382823407649994,
        "diamond_ar_1p66_min_l2_error": 0.048172660171985626,
        "diamond_ar_1p66_mean_l2_error": 0.05163204297423363,
        "diamond_ar_2p0_total_prediction_time": 0.4816725254058838,
        "diamond_ar_2p0_total_prediction_samples": 400,
        "diamond_ar_2p0_max_l2_error": 0.06402101367712021,
        "diamond_ar_2p0_min_l2_error": 0.06401126831769943,
        "diamond_ar_2p0_mean_l2_error": 0.06401625275611877,
        "triangle_ar_1p25_total_prediction_time": 0.47118687629699707,
        "triangle_ar_1p25_total_prediction_samples": 400,
        "triangle_ar_1p25_max_l2_error": 0.1537526696920395,
        "triangle_ar_1p25_min_l2_error": 0.10822126269340515,
        "triangle_ar_1p25_mean_l2_error": 0.12928563356399536,
        "triangle_ar_1p5_total_prediction_time": 0.46533703804016113,
        "triangle_ar_1p5_total_prediction_samples": 400,
        "triangle_ar_1p5_max_l2_error": 0.1881256401538849,
        "triangle_ar_1p5_min_l2_error": 0.14572831988334656,
        "triangle_ar_1p5_mean_l2_error": 0.16632618010044098,
        "triangle_ar_1p66_total_prediction_time": 0.4728381633758545,
        "triangle_ar_1p66_total_prediction_samples": 400,
        "triangle_ar_1p66_max_l2_error": 0.13575942814350128,
        "triangle_ar_1p66_min_l2_error": 0.13054105639457703,
        "triangle_ar_1p66_mean_l2_error": 0.13344806432724,
        "triangle_ar_2p0_total_prediction_time": 0.46252942085266113,
        "triangle_ar_2p0_total_prediction_samples": 400,
        "triangle_ar_2p0_max_l2_error": 0.11040306091308594,
        "triangle_ar_2p0_min_l2_error": 0.1102636456489563,
        "triangle_ar_2p0_mean_l2_error": 0.1103258803486824,
        "cylinder_half_total_prediction_time": 0.45960330963134766,
        "cylinder_half_total_prediction_samples": 400,
        "cylinder_half_max_l2_error": 0.07375036925077438,
        "cylinder_half_min_l2_error": 0.0485188253223896,
        "cylinder_half_mean_l2_error": 0.06260919570922852,
        "cylinder_half_flipped_total_prediction_time": 0.4603569507598877,
        "cylinder_half_flipped_total_prediction_samples": 400,
        "cylinder_half_flipped_max_l2_error": 0.07033920288085938,
        "cylinder_half_flipped_min_l2_error": 0.052071668207645416,
        "cylinder_half_flipped_mean_l2_error": 0.05936717987060547
    }
}