{
    "counter": 0,
    "0": {
        "total_training_time": 915.5142598152161,
        "total_epochs": 327,
        "total_prediction_time": 2.903542995452881,
        "total_prediction_samples": 320,
        "max_l2_error": 0.2741234302520752,
        "min_l2_error": 0.09387911856174469,
        "mean_l2_error": 0.13499155640602112,
        "diamond_ar_1p25_total_prediction_time": 4.5221617221832275,
        "diamond_ar_1p25_total_prediction_samples": 400,
        "diamond_ar_1p25_max_l2_error": 0.9023672342300415,
        "diamond_ar_1p25_min_l2_error": 0.2875247597694397,
        "diamond_ar_1p25_mean_l2_error": 0.436354398727417,
        "diamond_ar_1p5_total_prediction_time": 0.816826581954956,
        "diamond_ar_1p5_total_prediction_samples": 400,
        "diamond_ar_1p5_max_l2_error": 1.219191074371338,
        "diamond_ar_1p5_min_l2_error": 0.5462973117828369,
        "diamond_ar_1p5_mean_l2_error": 0.7179992198944092,
        "diamond_ar_1p66_total_prediction_time": 0.8210067749023438,
        "diamond_ar_1p66_total_prediction_samples": 400,
        "diamond_ar_1p66_max_l2_error": 1.2735607624053955,
        "diamond_ar_1p66_min_l2_error": 0.7504286170005798,
        "diamond_ar_1p66_mean_l2_error": 0.9506955742835999,
        "diamond_ar_2p0_total_prediction_time": 0.8062782287597656,
        "diamond_ar_2p0_total_prediction_samples": 400,
        "diamond_ar_2p0_max_l2_error": 1.0985206365585327,
        "diamond_ar_2p0_min_l2_error": 1.0984610319137573,
        "diamond_ar_2p0_mean_l2_error": 1.098487377166748,
        "triangle_ar_1p25_total_prediction_time": 0.7984371185302734,
        "triangle_ar_1p25_total_prediction_samples": 400,
        "triangle_ar_1p25_max_l2_error": 1.3145748376846313,
        "triangle_ar_1p25_min_l2_error": 0.39301687479019165,
        "triangle_ar_1p25_mean_l2_error": 0.6024150252342224,
        "triangle_ar_1p5_total_prediction_time": 0.8032069206237793,
        "triangle_ar_1p5_total_prediction_samples": 400,
        "triangle_ar_1p5_max_l2_error": 1.3663952350616455,
        "triangle_ar_1p5_min_l2_error": 0.5501654148101807,
        "triangle_ar_1p5_mean_l2_error": 0.7469345331192017,
        "triangle_ar_1p66_total_prediction_time": 0.8127508163452148,
        "triangle_ar_1p66_total_prediction_samples": 400,
        "triangle_ar_1p66_max_l2_error": 1.4827693700790405,
        "triangle_ar_1p66_min_l2_error": 0.7171152830123901,
        "triangle_ar_1p66_mean_l2_error": 0.9558057188987732,
        "triangle_ar_2p0_total_prediction_time": 0.812913179397583,
        "triangle_ar_2p0_total_prediction_samples": 400,
        "triangle_ar_2p0_max_l2_error": 1.6264270544052124,
        "triangle_ar_2p0_min_l2_error": 1.533108115196228,
        "triangle_ar_2p0_mean_l2_error": 1.6059684753417969,
        "cylinder_half_total_prediction_time": 0.7915263175964355,
        "cylinder_half_total_prediction_samples": 400,
        "cylinder_half_max_l2_error": 0.4752599596977234,
        "cylinder_half_min_l2_error": 0.26263853907585144,
        "cylinder_half_mean_l2_error": 0.34332531690597534,
        "cylinder_half_flipped_total_prediction_time": 0.7998964786529541,
        "cylinder_half_flipped_total_prediction_samples": 400,
        "cylinder_half_flipped_max_l2_error": 0.6208721399307251,
        "cylinder_half_flipped_min_l2_error": 0.3718113303184509,
        "cylinder_half_flipped_mean_l2_error": 0.4853731393814087
    }
}