{
    "counter": 0,
    "0": {
        "total_training_time": 602.0837078094482,
        "total_epochs": 296,
        "total_prediction_time": 2.125370979309082,
        "total_prediction_samples": 320,
        "max_l2_error": 0.014416060410439968,
        "min_l2_error": 0.010984251275658607,
        "mean_l2_error": 0.012480187229812145,
        "diamond_ar_1p25_total_prediction_time": 2.2779085636138916,
        "diamond_ar_1p25_total_prediction_samples": 400,
        "diamond_ar_1p25_max_l2_error": 0.03775100037455559,
        "diamond_ar_1p25_min_l2_error": 0.02345513552427292,
        "diamond_ar_1p25_mean_l2_error": 0.031025199219584465,
        "diamond_ar_1p5_total_prediction_time": 0.38858747482299805,
        "diamond_ar_1p5_total_prediction_samples": 400,
        "diamond_ar_1p5_max_l2_error": 0.037244319915771484,
        "diamond_ar_1p5_min_l2_error": 0.026232585310935974,
        "diamond_ar_1p5_mean_l2_error": 0.03207918256521225,
        "diamond_ar_1p66_total_prediction_time": 0.3878343105316162,
        "diamond_ar_1p66_total_prediction_samples": 400,
        "diamond_ar_1p66_max_l2_error": 0.034987613558769226,
        "diamond_ar_1p66_min_l2_error": 0.02812516689300537,
        "diamond_ar_1p66_mean_l2_error": 0.031069552525877953,
        "diamond_ar_2p0_total_prediction_time": 0.39068007469177246,
        "diamond_ar_2p0_total_prediction_samples": 400,
        "diamond_ar_2p0_max_l2_error": 0.0379481315612793,
        "diamond_ar_2p0_min_l2_error": 0.037945881485939026,
        "diamond_ar_2p0_mean_l2_error": 0.03794686868786812,
        "triangle_ar_1p25_total_prediction_time": 0.3876326084136963,
        "triangle_ar_1p25_total_prediction_samples": 400,
        "triangle_ar_1p25_max_l2_error": 0.12541410326957703,
        "triangle_ar_1p25_min_l2_error": 0.08637520670890808,
        "triangle_ar_1p25_mean_l2_error": 0.10845159739255905,
        "triangle_ar_1p5_total_prediction_time": 0.3846125602722168,
        "triangle_ar_1p5_total_prediction_samples": 400,
        "triangle_ar_1p5_max_l2_error": 0.17315496504306793,
        "triangle_ar_1p5_min_l2_error": 0.12452344596385956,
        "triangle_ar_1p5_mean_l2_error": 0.15382908284664154,
        "triangle_ar_1p66_total_prediction_time": 0.3837137222290039,
        "triangle_ar_1p66_total_prediction_samples": 400,
        "triangle_ar_1p66_max_l2_error": 0.12721486389636993,
        "triangle_ar_1p66_min_l2_error": 0.11550870537757874,
        "triangle_ar_1p66_mean_l2_error": 0.12150683254003525,
        "triangle_ar_2p0_total_prediction_time": 0.3847501277923584,
        "triangle_ar_2p0_total_prediction_samples": 400,
        "triangle_ar_2p0_max_l2_error": 0.09866214543581009,
        "triangle_ar_2p0_min_l2_error": 0.0983087345957756,
        "triangle_ar_2p0_mean_l2_error": 0.09848964959383011,
        "cylinder_half_total_prediction_time": 0.3824150562286377,
        "cylinder_half_total_prediction_samples": 400,
        "cylinder_half_max_l2_error": 0.05236642807722092,
        "cylinder_half_min_l2_error": 0.026375217363238335,
        "cylinder_half_mean_l2_error": 0.03660383075475693,
        "cylinder_half_flipped_total_prediction_time": 0.38379383087158203,
        "cylinder_half_flipped_total_prediction_samples": 400,
        "cylinder_half_flipped_max_l2_error": 0.05703175812959671,
        "cylinder_half_flipped_min_l2_error": 0.026042338460683823,
        "cylinder_half_flipped_mean_l2_error": 0.038247715681791306
    }
}