{
    "counter": 0,
    "0": {
        "total_training_time": 233.52875351905823,
        "total_epochs": 574,
        "total_prediction_time": 1.57572340965271,
        "total_prediction_samples": 320,
        "max_l2_error": 0.06554821133613586,
        "min_l2_error": 0.03643414005637169,
        "mean_l2_error": 0.049575187265872955,
        "diamond_ar_1p25_total_prediction_time": 1.7687880992889404,
        "diamond_ar_1p25_total_prediction_samples": 400,
        "diamond_ar_1p25_max_l2_error": 0.06678541004657745,
        "diamond_ar_1p25_min_l2_error": 0.04705354571342468,
        "diamond_ar_1p25_mean_l2_error": 0.05512717366218567,
        "diamond_ar_1p5_total_prediction_time": 0.3844869136810303,
        "diamond_ar_1p5_total_prediction_samples": 400,
        "diamond_ar_1p5_max_l2_error": 0.06157222017645836,
        "diamond_ar_1p5_min_l2_error": 0.05113372951745987,
        "diamond_ar_1p5_mean_l2_error": 0.05800826847553253,
        "diamond_ar_1p66_total_prediction_time": 2.0412757396698,
        "diamond_ar_1p66_total_prediction_samples": 400,
        "diamond_ar_1p66_max_l2_error": 0.058514513075351715,
        "diamond_ar_1p66_min_l2_error": 0.050311051309108734,
        "diamond_ar_1p66_mean_l2_error": 0.05456075817346573,
        "diamond_ar_2p0_total_prediction_time": 0.43012475967407227,
        "diamond_ar_2p0_total_prediction_samples": 400,
        "diamond_ar_2p0_max_l2_error": 0.07060200721025467,
        "diamond_ar_2p0_min_l2_error": 0.07059144973754883,
        "diamond_ar_2p0_mean_l2_error": 0.07059630751609802,
        "triangle_ar_1p25_total_prediction_time": 0.4209575653076172,
        "triangle_ar_1p25_total_prediction_samples": 400,
        "triangle_ar_1p25_max_l2_error": 0.15591055154800415,
        "triangle_ar_1p25_min_l2_error": 0.10724140703678131,
        "triangle_ar_1p25_mean_l2_error": 0.13188381493091583,
        "triangle_ar_1p5_total_prediction_time": 0.41783857345581055,
        "triangle_ar_1p5_total_prediction_samples": 400,
        "triangle_ar_1p5_max_l2_error": 0.1885887086391449,
        "triangle_ar_1p5_min_l2_error": 0.1504419445991516,
        "triangle_ar_1p5_mean_l2_error": 0.1721014529466629,
        "triangle_ar_1p66_total_prediction_time": 0.4159538745880127,
        "triangle_ar_1p66_total_prediction_samples": 400,
        "triangle_ar_1p66_max_l2_error": 0.14821857213974,
        "triangle_ar_1p66_min_l2_error": 0.1420516073703766,
        "triangle_ar_1p66_mean_l2_error": 0.14474667608737946,
        "triangle_ar_2p0_total_prediction_time": 0.4112420082092285,
        "triangle_ar_2p0_total_prediction_samples": 400,
        "triangle_ar_2p0_max_l2_error": 0.11365585029125214,
        "triangle_ar_2p0_min_l2_error": 0.11343798041343689,
        "triangle_ar_2p0_mean_l2_error": 0.1135610044002533,
        "cylinder_half_total_prediction_time": 0.4080698490142822,
        "cylinder_half_total_prediction_samples": 400,
        "cylinder_half_max_l2_error": 0.07565473020076752,
        "cylinder_half_min_l2_error": 0.054993972182273865,
        "cylinder_half_mean_l2_error": 0.06732804328203201,
        "cylinder_half_flipped_total_prediction_time": 0.4065876007080078,
        "cylinder_half_flipped_total_prediction_samples": 400,
        "cylinder_half_flipped_max_l2_error": 0.07397308200597763,
        "cylinder_half_flipped_min_l2_error": 0.056272801011800766,
        "cylinder_half_flipped_mean_l2_error": 0.06304946541786194
    }
}