{
    "counter": 0,
    "0": {
        "total_training_time": 369.2260036468506,
        "total_epochs": 255,
        "total_prediction_time": 2.3809094429016113,
        "total_prediction_samples": 4000,
        "max_l2_error": 1.0,
        "min_l2_error": 0.013703722506761551,
        "mean_l2_error": 0.021800609305500984,
        "diamond_ar_1p25_total_prediction_time": 1.92862868309021,
        "diamond_ar_1p25_total_prediction_samples": 400,
        "diamond_ar_1p25_max_l2_error": 0.033743858337402344,
        "diamond_ar_1p25_min_l2_error": 0.021003415808081627,
        "diamond_ar_1p25_mean_l2_error": 0.02728320099413395,
        "diamond_ar_1p5_total_prediction_time": 0.44324183464050293,
        "diamond_ar_1p5_total_prediction_samples": 400,
        "diamond_ar_1p5_max_l2_error": 0.026922812685370445,
        "diamond_ar_1p5_min_l2_error": 0.01974508911371231,
        "diamond_ar_1p5_mean_l2_error": 0.02292807027697563,
        "diamond_ar_1p66_total_prediction_time": 0.44696044921875,
        "diamond_ar_1p66_total_prediction_samples": 400,
        "diamond_ar_1p66_max_l2_error": 0.02209664322435856,
        "diamond_ar_1p66_min_l2_error": 0.01702210120856762,
        "diamond_ar_1p66_mean_l2_error": 0.018643824383616447,
        "diamond_ar_2p0_total_prediction_time": 0.4439377784729004,
        "diamond_ar_2p0_total_prediction_samples": 400,
        "diamond_ar_2p0_max_l2_error": 0.01794794201850891,
        "diamond_ar_2p0_min_l2_error": 0.017910998314619064,
        "diamond_ar_2p0_mean_l2_error": 0.017929984256625175,
        "triangle_ar_1p25_total_prediction_time": 0.6292388439178467,
        "triangle_ar_1p25_total_prediction_samples": 400,
        "triangle_ar_1p25_max_l2_error": 0.0604160912334919,
        "triangle_ar_1p25_min_l2_error": 0.0506458505988121,
        "triangle_ar_1p25_mean_l2_error": 0.05563397333025932,
        "triangle_ar_1p5_total_prediction_time": 0.44678711891174316,
        "triangle_ar_1p5_total_prediction_samples": 400,
        "triangle_ar_1p5_max_l2_error": 0.09335895627737045,
        "triangle_ar_1p5_min_l2_error": 0.06923573464155197,
        "triangle_ar_1p5_mean_l2_error": 0.08088640123605728,
        "triangle_ar_1p66_total_prediction_time": 0.44132518768310547,
        "triangle_ar_1p66_total_prediction_samples": 400,
        "triangle_ar_1p66_max_l2_error": 0.08347442001104355,
        "triangle_ar_1p66_min_l2_error": 0.06738675385713577,
        "triangle_ar_1p66_mean_l2_error": 0.07678986340761185,
        "triangle_ar_2p0_total_prediction_time": 0.4391329288482666,
        "triangle_ar_2p0_total_prediction_samples": 400,
        "triangle_ar_2p0_max_l2_error": 0.06926362216472626,
        "triangle_ar_2p0_min_l2_error": 0.0690571665763855,
        "triangle_ar_2p0_mean_l2_error": 0.06916406005620956,
        "cylinder_half_total_prediction_time": 0.44765186309814453,
        "cylinder_half_total_prediction_samples": 400,
        "cylinder_half_max_l2_error": 0.05522823706269264,
        "cylinder_half_min_l2_error": 0.02554761990904808,
        "cylinder_half_mean_l2_error": 0.03880186006426811,
        "cylinder_half_flipped_total_prediction_time": 0.44324755668640137,
        "cylinder_half_flipped_total_prediction_samples": 400,
        "cylinder_half_flipped_max_l2_error": 0.028507215902209282,
        "cylinder_half_flipped_min_l2_error": 0.01991477608680725,
        "cylinder_half_flipped_mean_l2_error": 0.023708267137408257
    }
}