{
    "counter": 0,
    "0": {
        "total_training_time": 183.44561553001404,
        "total_epochs": 367,
        "total_prediction_time": 1.7759504318237305,
        "total_prediction_samples": 320,
        "max_l2_error": 0.027105385437607765,
        "min_l2_error": 0.01922394149005413,
        "mean_l2_error": 0.023547742515802383,
        "diamond_ar_1p25_total_prediction_time": 1.9707293510437012,
        "diamond_ar_1p25_total_prediction_samples": 400,
        "diamond_ar_1p25_max_l2_error": 0.056142475455999374,
        "diamond_ar_1p25_min_l2_error": 0.038178738206624985,
        "diamond_ar_1p25_mean_l2_error": 0.048719555139541626,
        "diamond_ar_1p5_total_prediction_time": 0.4039459228515625,
        "diamond_ar_1p5_total_prediction_samples": 400,
        "diamond_ar_1p5_max_l2_error": 0.06050210818648338,
        "diamond_ar_1p5_min_l2_error": 0.04474124312400818,
        "diamond_ar_1p5_mean_l2_error": 0.05038465932011604,
        "diamond_ar_1p66_total_prediction_time": 0.5583901405334473,
        "diamond_ar_1p66_total_prediction_samples": 400,
        "diamond_ar_1p66_max_l2_error": 0.054925113916397095,
        "diamond_ar_1p66_min_l2_error": 0.05033521354198456,
        "diamond_ar_1p66_mean_l2_error": 0.05214906856417656,
        "diamond_ar_2p0_total_prediction_time": 0.3985438346862793,
        "diamond_ar_2p0_total_prediction_samples": 400,
        "diamond_ar_2p0_max_l2_error": 0.06187451258301735,
        "diamond_ar_2p0_min_l2_error": 0.0618467777967453,
        "diamond_ar_2p0_mean_l2_error": 0.06186182051897049,
        "triangle_ar_1p25_total_prediction_time": 0.39946651458740234,
        "triangle_ar_1p25_total_prediction_samples": 400,
        "triangle_ar_1p25_max_l2_error": 0.15331780910491943,
        "triangle_ar_1p25_min_l2_error": 0.10838816314935684,
        "triangle_ar_1p25_mean_l2_error": 0.12935252487659454,
        "triangle_ar_1p5_total_prediction_time": 0.3933072090148926,
        "triangle_ar_1p5_total_prediction_samples": 400,
        "triangle_ar_1p5_max_l2_error": 0.18605175614356995,
        "triangle_ar_1p5_min_l2_error": 0.15084047615528107,
        "triangle_ar_1p5_mean_l2_error": 0.16514712572097778,
        "triangle_ar_1p66_total_prediction_time": 0.3985004425048828,
        "triangle_ar_1p66_total_prediction_samples": 400,
        "triangle_ar_1p66_max_l2_error": 0.15077973902225494,
        "triangle_ar_1p66_min_l2_error": 0.1396448314189911,
        "triangle_ar_1p66_mean_l2_error": 0.14446516335010529,
        "triangle_ar_2p0_total_prediction_time": 0.39612841606140137,
        "triangle_ar_2p0_total_prediction_samples": 400,
        "triangle_ar_2p0_max_l2_error": 0.11447679996490479,
        "triangle_ar_2p0_min_l2_error": 0.11431161314249039,
        "triangle_ar_2p0_mean_l2_error": 0.114385224878788,
        "cylinder_half_total_prediction_time": 0.3849010467529297,
        "cylinder_half_total_prediction_samples": 400,
        "cylinder_half_max_l2_error": 0.057865533977746964,
        "cylinder_half_min_l2_error": 0.03427621349692345,
        "cylinder_half_mean_l2_error": 0.04475687816739082,
        "cylinder_half_flipped_total_prediction_time": 0.39607906341552734,
        "cylinder_half_flipped_total_prediction_samples": 400,
        "cylinder_half_flipped_max_l2_error": 0.058775026351213455,
        "cylinder_half_flipped_min_l2_error": 0.03510736674070358,
        "cylinder_half_flipped_mean_l2_error": 0.04609527066349983
    }
}