{
    "counter": 0,
    "0": {
        "total_training_time": 141.69179892539978,
        "total_epochs": 269,
        "total_prediction_time": 1.652653455734253,
        "total_prediction_samples": 320,
        "max_l2_error": 0.02501845546066761,
        "min_l2_error": 0.01663465052843094,
        "mean_l2_error": 0.021425722166895866,
        "diamond_ar_1p25_total_prediction_time": 1.8438775539398193,
        "diamond_ar_1p25_total_prediction_samples": 400,
        "diamond_ar_1p25_max_l2_error": 0.05833490937948227,
        "diamond_ar_1p25_min_l2_error": 0.04241789132356644,
        "diamond_ar_1p25_mean_l2_error": 0.04806831479072571,
        "diamond_ar_1p5_total_prediction_time": 0.4473733901977539,
        "diamond_ar_1p5_total_prediction_samples": 400,
        "diamond_ar_1p5_max_l2_error": 0.05167427286505699,
        "diamond_ar_1p5_min_l2_error": 0.04133176803588867,
        "diamond_ar_1p5_mean_l2_error": 0.04624043405056,
        "diamond_ar_1p66_total_prediction_time": 0.44478678703308105,
        "diamond_ar_1p66_total_prediction_samples": 400,
        "diamond_ar_1p66_max_l2_error": 0.04465523362159729,
        "diamond_ar_1p66_min_l2_error": 0.0413316935300827,
        "diamond_ar_1p66_mean_l2_error": 0.04284794628620148,
        "diamond_ar_2p0_total_prediction_time": 0.47010087966918945,
        "diamond_ar_2p0_total_prediction_samples": 400,
        "diamond_ar_2p0_max_l2_error": 0.05519389733672142,
        "diamond_ar_2p0_min_l2_error": 0.055170703679323196,
        "diamond_ar_2p0_mean_l2_error": 0.055180300027132034,
        "triangle_ar_1p25_total_prediction_time": 0.46459388732910156,
        "triangle_ar_1p25_total_prediction_samples": 400,
        "triangle_ar_1p25_max_l2_error": 0.1405632346868515,
        "triangle_ar_1p25_min_l2_error": 0.09238024801015854,
        "triangle_ar_1p25_mean_l2_error": 0.11840681731700897,
        "triangle_ar_1p5_total_prediction_time": 0.45983052253723145,
        "triangle_ar_1p5_total_prediction_samples": 400,
        "triangle_ar_1p5_max_l2_error": 0.17918464541435242,
        "triangle_ar_1p5_min_l2_error": 0.13846322894096375,
        "triangle_ar_1p5_mean_l2_error": 0.15468072891235352,
        "triangle_ar_1p66_total_prediction_time": 0.45920324325561523,
        "triangle_ar_1p66_total_prediction_samples": 400,
        "triangle_ar_1p66_max_l2_error": 0.14258702099323273,
        "triangle_ar_1p66_min_l2_error": 0.1267351359128952,
        "triangle_ar_1p66_mean_l2_error": 0.13507011532783508,
        "triangle_ar_2p0_total_prediction_time": 0.4541184902191162,
        "triangle_ar_2p0_total_prediction_samples": 400,
        "triangle_ar_2p0_max_l2_error": 0.11913099139928818,
        "triangle_ar_2p0_min_l2_error": 0.11902400851249695,
        "triangle_ar_2p0_mean_l2_error": 0.11907152086496353,
        "cylinder_half_total_prediction_time": 0.4507150650024414,
        "cylinder_half_total_prediction_samples": 400,
        "cylinder_half_max_l2_error": 0.053976308554410934,
        "cylinder_half_min_l2_error": 0.037156786769628525,
        "cylinder_half_mean_l2_error": 0.04664267599582672,
        "cylinder_half_flipped_total_prediction_time": 0.4668242931365967,
        "cylinder_half_flipped_total_prediction_samples": 400,
        "cylinder_half_flipped_max_l2_error": 0.058887284249067307,
        "cylinder_half_flipped_min_l2_error": 0.037707068026065826,
        "cylinder_half_flipped_mean_l2_error": 0.04723662510514259
    }
}