{
    "counter": 0,
    "0": {
        "total_training_time": 490.94703102111816,
        "total_epochs": 295,
        "total_prediction_time": 3.9313206672668457,
        "total_prediction_samples": 320,
        "max_l2_error": 0.014830379746854305,
        "min_l2_error": 0.01162739284336567,
        "mean_l2_error": 0.013274791650474072,
        "diamond_ar_1p25_total_prediction_time": 4.595716714859009,
        "diamond_ar_1p25_total_prediction_samples": 400,
        "diamond_ar_1p25_max_l2_error": 0.03479154035449028,
        "diamond_ar_1p25_min_l2_error": 0.024303218349814415,
        "diamond_ar_1p25_mean_l2_error": 0.028538493439555168,
        "diamond_ar_1p5_total_prediction_time": 0.6938002109527588,
        "diamond_ar_1p5_total_prediction_samples": 400,
        "diamond_ar_1p5_max_l2_error": 0.040664929896593094,
        "diamond_ar_1p5_min_l2_error": 0.02702779695391655,
        "diamond_ar_1p5_mean_l2_error": 0.031552404165267944,
        "diamond_ar_1p66_total_prediction_time": 0.719639778137207,
        "diamond_ar_1p66_total_prediction_samples": 400,
        "diamond_ar_1p66_max_l2_error": 0.032228969037532806,
        "diamond_ar_1p66_min_l2_error": 0.02981649711728096,
        "diamond_ar_1p66_mean_l2_error": 0.031026730313897133,
        "diamond_ar_2p0_total_prediction_time": 0.6853313446044922,
        "diamond_ar_2p0_total_prediction_samples": 400,
        "diamond_ar_2p0_max_l2_error": 0.04190102964639664,
        "diamond_ar_2p0_min_l2_error": 0.0418991893529892,
        "diamond_ar_2p0_mean_l2_error": 0.041900016367435455,
        "triangle_ar_1p25_total_prediction_time": 0.7008752822875977,
        "triangle_ar_1p25_total_prediction_samples": 400,
        "triangle_ar_1p25_max_l2_error": 0.12286719679832458,
        "triangle_ar_1p25_min_l2_error": 0.07333074510097504,
        "triangle_ar_1p25_mean_l2_error": 0.09862634539604187,
        "triangle_ar_1p5_total_prediction_time": 0.7113909721374512,
        "triangle_ar_1p5_total_prediction_samples": 400,
        "triangle_ar_1p5_max_l2_error": 0.17222456634044647,
        "triangle_ar_1p5_min_l2_error": 0.11955603957176208,
        "triangle_ar_1p5_mean_l2_error": 0.14586490392684937,
        "triangle_ar_1p66_total_prediction_time": 0.7118933200836182,
        "triangle_ar_1p66_total_prediction_samples": 400,
        "triangle_ar_1p66_max_l2_error": 0.12009244412183762,
        "triangle_ar_1p66_min_l2_error": 0.10263870656490326,
        "triangle_ar_1p66_mean_l2_error": 0.11233425885438919,
        "triangle_ar_2p0_total_prediction_time": 0.6848688125610352,
        "triangle_ar_2p0_total_prediction_samples": 400,
        "triangle_ar_2p0_max_l2_error": 0.09824835509061813,
        "triangle_ar_2p0_min_l2_error": 0.098112553358078,
        "triangle_ar_2p0_mean_l2_error": 0.0981595441699028,
        "cylinder_half_total_prediction_time": 0.6954143047332764,
        "cylinder_half_total_prediction_samples": 400,
        "cylinder_half_max_l2_error": 0.043241582810878754,
        "cylinder_half_min_l2_error": 0.025673532858490944,
        "cylinder_half_mean_l2_error": 0.03324328735470772,
        "cylinder_half_flipped_total_prediction_time": 0.6942174434661865,
        "cylinder_half_flipped_total_prediction_samples": 400,
        "cylinder_half_flipped_max_l2_error": 0.052334174513816833,
        "cylinder_half_flipped_min_l2_error": 0.028616195544600487,
        "cylinder_half_flipped_mean_l2_error": 0.03821468725800514
    }
}