{
    "counter": 0,
    "0": {
        "total_training_time": 537.6620080471039,
        "total_epochs": 292,
        "total_prediction_time": 2.835479736328125,
        "total_prediction_samples": 320,
        "max_l2_error": 0.01855776458978653,
        "min_l2_error": 0.013961775228381157,
        "mean_l2_error": 0.016089532524347305,
        "diamond_ar_1p25_total_prediction_time": 2.8803422451019287,
        "diamond_ar_1p25_total_prediction_samples": 400,
        "diamond_ar_1p25_max_l2_error": 0.03389039263129234,
        "diamond_ar_1p25_min_l2_error": 0.02644731104373932,
        "diamond_ar_1p25_mean_l2_error": 0.02928840182721615,
        "diamond_ar_1p5_total_prediction_time": 0.7968456745147705,
        "diamond_ar_1p5_total_prediction_samples": 400,
        "diamond_ar_1p5_max_l2_error": 0.03412345424294472,
        "diamond_ar_1p5_min_l2_error": 0.025452135130763054,
        "diamond_ar_1p5_mean_l2_error": 0.029962988570332527,
        "diamond_ar_1p66_total_prediction_time": 0.5400817394256592,
        "diamond_ar_1p66_total_prediction_samples": 400,
        "diamond_ar_1p66_max_l2_error": 0.03089897148311138,
        "diamond_ar_1p66_min_l2_error": 0.02773507684469223,
        "diamond_ar_1p66_mean_l2_error": 0.029135797172784805,
        "diamond_ar_2p0_total_prediction_time": 0.5477230548858643,
        "diamond_ar_2p0_total_prediction_samples": 400,
        "diamond_ar_2p0_max_l2_error": 0.04088236391544342,
        "diamond_ar_2p0_min_l2_error": 0.040880050510168076,
        "diamond_ar_2p0_mean_l2_error": 0.040881022810935974,
        "triangle_ar_1p25_total_prediction_time": 0.57059645652771,
        "triangle_ar_1p25_total_prediction_samples": 400,
        "triangle_ar_1p25_max_l2_error": 0.12740854918956757,
        "triangle_ar_1p25_min_l2_error": 0.09465962648391724,
        "triangle_ar_1p25_mean_l2_error": 0.11228403449058533,
        "triangle_ar_1p5_total_prediction_time": 0.5369522571563721,
        "triangle_ar_1p5_total_prediction_samples": 400,
        "triangle_ar_1p5_max_l2_error": 0.17985627055168152,
        "triangle_ar_1p5_min_l2_error": 0.11822425574064255,
        "triangle_ar_1p5_mean_l2_error": 0.14945602416992188,
        "triangle_ar_1p66_total_prediction_time": 0.5379049777984619,
        "triangle_ar_1p66_total_prediction_samples": 400,
        "triangle_ar_1p66_max_l2_error": 0.12399671226739883,
        "triangle_ar_1p66_min_l2_error": 0.10976339876651764,
        "triangle_ar_1p66_mean_l2_error": 0.11510007828474045,
        "triangle_ar_2p0_total_prediction_time": 0.5482368469238281,
        "triangle_ar_2p0_total_prediction_samples": 400,
        "triangle_ar_2p0_max_l2_error": 0.09843327105045319,
        "triangle_ar_2p0_min_l2_error": 0.09822571277618408,
        "triangle_ar_2p0_mean_l2_error": 0.09832362830638885,
        "cylinder_half_total_prediction_time": 0.5473895072937012,
        "cylinder_half_total_prediction_samples": 400,
        "cylinder_half_max_l2_error": 0.05071067437529564,
        "cylinder_half_min_l2_error": 0.02727079950273037,
        "cylinder_half_mean_l2_error": 0.036225371062755585,
        "cylinder_half_flipped_total_prediction_time": 0.5450873374938965,
        "cylinder_half_flipped_total_prediction_samples": 400,
        "cylinder_half_flipped_max_l2_error": 0.04712012782692909,
        "cylinder_half_flipped_min_l2_error": 0.027002079412341118,
        "cylinder_half_flipped_mean_l2_error": 0.036345310509204865
    }
}