{
    "counter": 0,
    "0": {
        "total_training_time": 4918.063846588135,
        "total_epochs": 333,
        "total_prediction_time": 2.8077592849731445,
        "total_prediction_samples": 320,
        "max_l2_error": 0.013996168039739132,
        "min_l2_error": 0.011020193807780743,
        "mean_l2_error": 0.012345131486654282,
        "diamond_ar_1p25_total_prediction_time": 2.2171013355255127,
        "diamond_ar_1p25_total_prediction_samples": 400,
        "diamond_ar_1p25_max_l2_error": 0.04682978242635727,
        "diamond_ar_1p25_min_l2_error": 0.02680349349975586,
        "diamond_ar_1p25_mean_l2_error": 0.03380979597568512,
        "diamond_ar_1p5_total_prediction_time": 1.0038344860076904,
        "diamond_ar_1p5_total_prediction_samples": 400,
        "diamond_ar_1p5_max_l2_error": 0.037463780492544174,
        "diamond_ar_1p5_min_l2_error": 0.026606380939483643,
        "diamond_ar_1p5_mean_l2_error": 0.031394246965646744,
        "diamond_ar_1p66_total_prediction_time": 0.9534330368041992,
        "diamond_ar_1p66_total_prediction_samples": 400,
        "diamond_ar_1p66_max_l2_error": 0.034305647015571594,
        "diamond_ar_1p66_min_l2_error": 0.027497664093971252,
        "diamond_ar_1p66_mean_l2_error": 0.0310970488935709,
        "diamond_ar_2p0_total_prediction_time": 0.9851880073547363,
        "diamond_ar_2p0_total_prediction_samples": 400,
        "diamond_ar_2p0_max_l2_error": 0.04187619313597679,
        "diamond_ar_2p0_min_l2_error": 0.04187425225973129,
        "diamond_ar_2p0_mean_l2_error": 0.04187506064772606,
        "triangle_ar_1p25_total_prediction_time": 0.9891855716705322,
        "triangle_ar_1p25_total_prediction_samples": 400,
        "triangle_ar_1p25_max_l2_error": 0.1395021229982376,
        "triangle_ar_1p25_min_l2_error": 0.07901179045438766,
        "triangle_ar_1p25_mean_l2_error": 0.11322440952062607,
        "triangle_ar_1p5_total_prediction_time": 0.9517598152160645,
        "triangle_ar_1p5_total_prediction_samples": 400,
        "triangle_ar_1p5_max_l2_error": 0.1790250539779663,
        "triangle_ar_1p5_min_l2_error": 0.11863744258880615,
        "triangle_ar_1p5_mean_l2_error": 0.15692546963691711,
        "triangle_ar_1p66_total_prediction_time": 0.9797863960266113,
        "triangle_ar_1p66_total_prediction_samples": 400,
        "triangle_ar_1p66_max_l2_error": 0.14638730883598328,
        "triangle_ar_1p66_min_l2_error": 0.11409413069486618,
        "triangle_ar_1p66_mean_l2_error": 0.12846755981445312,
        "triangle_ar_2p0_total_prediction_time": 0.9505541324615479,
        "triangle_ar_2p0_total_prediction_samples": 400,
        "triangle_ar_2p0_max_l2_error": 0.09745559096336365,
        "triangle_ar_2p0_min_l2_error": 0.09736276417970657,
        "triangle_ar_2p0_mean_l2_error": 0.09739961475133896,
        "cylinder_half_total_prediction_time": 0.9704163074493408,
        "cylinder_half_total_prediction_samples": 400,
        "cylinder_half_max_l2_error": 0.04601946473121643,
        "cylinder_half_min_l2_error": 0.029223281890153885,
        "cylinder_half_mean_l2_error": 0.03643658384680748,
        "cylinder_half_flipped_total_prediction_time": 0.9618310928344727,
        "cylinder_half_flipped_total_prediction_samples": 400,
        "cylinder_half_flipped_max_l2_error": 0.05082663893699646,
        "cylinder_half_flipped_min_l2_error": 0.0265565887093544,
        "cylinder_half_flipped_mean_l2_error": 0.03772766888141632
    }
}