{
    "counter": 0,
    "0": {
        "total_training_time": 1253.8699901103973,
        "total_epochs": 266,
        "total_prediction_time": 1.2365639209747314,
        "total_prediction_samples": 320,
        "max_l2_error": 0.023981668055057526,
        "min_l2_error": 0.01915569044649601,
        "mean_l2_error": 0.020934486761689186,
        "diamond_ar_1p25_total_prediction_time": 1.0474026203155518,
        "diamond_ar_1p25_total_prediction_samples": 400,
        "diamond_ar_1p25_max_l2_error": 0.039267364889383316,
        "diamond_ar_1p25_min_l2_error": 0.027299275621771812,
        "diamond_ar_1p25_mean_l2_error": 0.03311491012573242,
        "diamond_ar_1p5_total_prediction_time": 0.3875610828399658,
        "diamond_ar_1p5_total_prediction_samples": 400,
        "diamond_ar_1p5_max_l2_error": 0.03498034551739693,
        "diamond_ar_1p5_min_l2_error": 0.028120625764131546,
        "diamond_ar_1p5_mean_l2_error": 0.03207477554678917,
        "diamond_ar_1p66_total_prediction_time": 0.3808934688568115,
        "diamond_ar_1p66_total_prediction_samples": 400,
        "diamond_ar_1p66_max_l2_error": 0.03799482062458992,
        "diamond_ar_1p66_min_l2_error": 0.031263336539268494,
        "diamond_ar_1p66_mean_l2_error": 0.03392445668578148,
        "diamond_ar_2p0_total_prediction_time": 0.3800990581512451,
        "diamond_ar_2p0_total_prediction_samples": 400,
        "diamond_ar_2p0_max_l2_error": 0.04521011933684349,
        "diamond_ar_2p0_min_l2_error": 0.04520850256085396,
        "diamond_ar_2p0_mean_l2_error": 0.04520921781659126,
        "triangle_ar_1p25_total_prediction_time": 0.3836352825164795,
        "triangle_ar_1p25_total_prediction_samples": 400,
        "triangle_ar_1p25_max_l2_error": 0.1288469284772873,
        "triangle_ar_1p25_min_l2_error": 0.0765596479177475,
        "triangle_ar_1p25_mean_l2_error": 0.0990184023976326,
        "triangle_ar_1p5_total_prediction_time": 0.3795285224914551,
        "triangle_ar_1p5_total_prediction_samples": 400,
        "triangle_ar_1p5_max_l2_error": 0.1728675663471222,
        "triangle_ar_1p5_min_l2_error": 0.11092065274715424,
        "triangle_ar_1p5_mean_l2_error": 0.1481667459011078,
        "triangle_ar_1p66_total_prediction_time": 0.38043856620788574,
        "triangle_ar_1p66_total_prediction_samples": 400,
        "triangle_ar_1p66_max_l2_error": 0.13048897683620453,
        "triangle_ar_1p66_min_l2_error": 0.10247223824262619,
        "triangle_ar_1p66_mean_l2_error": 0.11603185534477234,
        "triangle_ar_2p0_total_prediction_time": 0.3808302879333496,
        "triangle_ar_2p0_total_prediction_samples": 400,
        "triangle_ar_2p0_max_l2_error": 0.08569306880235672,
        "triangle_ar_2p0_min_l2_error": 0.0851144939661026,
        "triangle_ar_2p0_mean_l2_error": 0.0854051411151886,
        "cylinder_half_total_prediction_time": 0.3803720474243164,
        "cylinder_half_total_prediction_samples": 400,
        "cylinder_half_max_l2_error": 0.04609492048621178,
        "cylinder_half_min_l2_error": 0.03306562826037407,
        "cylinder_half_mean_l2_error": 0.03798290342092514,
        "cylinder_half_flipped_total_prediction_time": 0.3798959255218506,
        "cylinder_half_flipped_total_prediction_samples": 400,
        "cylinder_half_flipped_max_l2_error": 0.059709250926971436,
        "cylinder_half_flipped_min_l2_error": 0.03286323323845863,
        "cylinder_half_flipped_mean_l2_error": 0.044234056025743484
    }
}