{
    "counter": 0,
    "0": {
        "total_training_time": 213.81106328964233,
        "total_epochs": 368,
        "total_prediction_time": 1.7119362354278564,
        "total_prediction_samples": 320,
        "max_l2_error": 0.026067795231938362,
        "min_l2_error": 0.018402714282274246,
        "mean_l2_error": 0.0221429243683815,
        "diamond_ar_1p25_total_prediction_time": 1.9210140705108643,
        "diamond_ar_1p25_total_prediction_samples": 400,
        "diamond_ar_1p25_max_l2_error": 0.058581553399562836,
        "diamond_ar_1p25_min_l2_error": 0.03583209589123726,
        "diamond_ar_1p25_mean_l2_error": 0.04847932979464531,
        "diamond_ar_1p5_total_prediction_time": 0.4368288516998291,
        "diamond_ar_1p5_total_prediction_samples": 400,
        "diamond_ar_1p5_max_l2_error": 0.0639999508857727,
        "diamond_ar_1p5_min_l2_error": 0.0402677096426487,
        "diamond_ar_1p5_mean_l2_error": 0.055136967450380325,
        "diamond_ar_1p66_total_prediction_time": 0.5950870513916016,
        "diamond_ar_1p66_total_prediction_samples": 400,
        "diamond_ar_1p66_max_l2_error": 0.05717951059341431,
        "diamond_ar_1p66_min_l2_error": 0.04679049551486969,
        "diamond_ar_1p66_mean_l2_error": 0.05148429423570633,
        "diamond_ar_2p0_total_prediction_time": 0.44234347343444824,
        "diamond_ar_2p0_total_prediction_samples": 400,
        "diamond_ar_2p0_max_l2_error": 0.0630912259221077,
        "diamond_ar_2p0_min_l2_error": 0.06306353211402893,
        "diamond_ar_2p0_mean_l2_error": 0.06308126449584961,
        "triangle_ar_1p25_total_prediction_time": 0.43547630310058594,
        "triangle_ar_1p25_total_prediction_samples": 400,
        "triangle_ar_1p25_max_l2_error": 0.15538886189460754,
        "triangle_ar_1p25_min_l2_error": 0.11626339703798294,
        "triangle_ar_1p25_mean_l2_error": 0.13506737351417542,
        "triangle_ar_1p5_total_prediction_time": 0.4381444454193115,
        "triangle_ar_1p5_total_prediction_samples": 400,
        "triangle_ar_1p5_max_l2_error": 0.1913994550704956,
        "triangle_ar_1p5_min_l2_error": 0.14380301535129547,
        "triangle_ar_1p5_mean_l2_error": 0.174041286110878,
        "triangle_ar_1p66_total_prediction_time": 0.44765591621398926,
        "triangle_ar_1p66_total_prediction_samples": 400,
        "triangle_ar_1p66_max_l2_error": 0.1591769903898239,
        "triangle_ar_1p66_min_l2_error": 0.1370585858821869,
        "triangle_ar_1p66_mean_l2_error": 0.14941386878490448,
        "triangle_ar_2p0_total_prediction_time": 0.44553375244140625,
        "triangle_ar_2p0_total_prediction_samples": 400,
        "triangle_ar_2p0_max_l2_error": 0.12179465591907501,
        "triangle_ar_2p0_min_l2_error": 0.12162258476018906,
        "triangle_ar_2p0_mean_l2_error": 0.12170104682445526,
        "cylinder_half_total_prediction_time": 0.4430229663848877,
        "cylinder_half_total_prediction_samples": 400,
        "cylinder_half_max_l2_error": 0.05484018474817276,
        "cylinder_half_min_l2_error": 0.03354601562023163,
        "cylinder_half_mean_l2_error": 0.04465566948056221,
        "cylinder_half_flipped_total_prediction_time": 0.4388439655303955,
        "cylinder_half_flipped_total_prediction_samples": 400,
        "cylinder_half_flipped_max_l2_error": 0.053322985768318176,
        "cylinder_half_flipped_min_l2_error": 0.03881751745939255,
        "cylinder_half_flipped_mean_l2_error": 0.04533740133047104
    }
}