{
    "counter": 0,
    "0": {
        "total_training_time": 242.56684517860413,
        "total_epochs": 169,
        "total_prediction_time": 2.4219601154327393,
        "total_prediction_samples": 320,
        "max_l2_error": 0.017222564667463303,
        "min_l2_error": 0.013622285798192024,
        "mean_l2_error": 0.015527544543147087,
        "diamond_ar_1p25_total_prediction_time": 2.549086332321167,
        "diamond_ar_1p25_total_prediction_samples": 400,
        "diamond_ar_1p25_max_l2_error": 0.03619243949651718,
        "diamond_ar_1p25_min_l2_error": 0.026049267500638962,
        "diamond_ar_1p25_mean_l2_error": 0.03159008175134659,
        "diamond_ar_1p5_total_prediction_time": 0.4628934860229492,
        "diamond_ar_1p5_total_prediction_samples": 400,
        "diamond_ar_1p5_max_l2_error": 0.035084549337625504,
        "diamond_ar_1p5_min_l2_error": 0.024098889902234077,
        "diamond_ar_1p5_mean_l2_error": 0.02918277680873871,
        "diamond_ar_1p66_total_prediction_time": 0.44498491287231445,
        "diamond_ar_1p66_total_prediction_samples": 400,
        "diamond_ar_1p66_max_l2_error": 0.029211701825261116,
        "diamond_ar_1p66_min_l2_error": 0.02490856498479843,
        "diamond_ar_1p66_mean_l2_error": 0.026644820347428322,
        "diamond_ar_2p0_total_prediction_time": 0.4435856342315674,
        "diamond_ar_2p0_total_prediction_samples": 400,
        "diamond_ar_2p0_max_l2_error": 0.031926773488521576,
        "diamond_ar_2p0_min_l2_error": 0.03192507475614548,
        "diamond_ar_2p0_mean_l2_error": 0.03192609176039696,
        "triangle_ar_1p25_total_prediction_time": 0.4662635326385498,
        "triangle_ar_1p25_total_prediction_samples": 400,
        "triangle_ar_1p25_max_l2_error": 0.12163341045379639,
        "triangle_ar_1p25_min_l2_error": 0.0944523736834526,
        "triangle_ar_1p25_mean_l2_error": 0.10784822702407837,
        "triangle_ar_1p5_total_prediction_time": 0.44468235969543457,
        "triangle_ar_1p5_total_prediction_samples": 400,
        "triangle_ar_1p5_max_l2_error": 0.18423862755298615,
        "triangle_ar_1p5_min_l2_error": 0.1255497932434082,
        "triangle_ar_1p5_mean_l2_error": 0.1534506380558014,
        "triangle_ar_1p66_total_prediction_time": 0.43615245819091797,
        "triangle_ar_1p66_total_prediction_samples": 400,
        "triangle_ar_1p66_max_l2_error": 0.11562143266201019,
        "triangle_ar_1p66_min_l2_error": 0.10396938771009445,
        "triangle_ar_1p66_mean_l2_error": 0.11047611385583878,
        "triangle_ar_2p0_total_prediction_time": 0.4446992874145508,
        "triangle_ar_2p0_total_prediction_samples": 400,
        "triangle_ar_2p0_max_l2_error": 0.08452261984348297,
        "triangle_ar_2p0_min_l2_error": 0.08430083841085434,
        "triangle_ar_2p0_mean_l2_error": 0.0844203308224678,
        "cylinder_half_total_prediction_time": 0.4425520896911621,
        "cylinder_half_total_prediction_samples": 400,
        "cylinder_half_max_l2_error": 0.04660206288099289,
        "cylinder_half_min_l2_error": 0.026408951729536057,
        "cylinder_half_mean_l2_error": 0.037561167031526566,
        "cylinder_half_flipped_total_prediction_time": 0.4433557987213135,
        "cylinder_half_flipped_total_prediction_samples": 400,
        "cylinder_half_flipped_max_l2_error": 0.055991318076848984,
        "cylinder_half_flipped_min_l2_error": 0.029099291190505028,
        "cylinder_half_flipped_mean_l2_error": 0.0397130623459816
    }
}